SEQUENCE_ID,IS_VALID,PRIMARY_RULE,ALL_RULES
dev_anom_mosfet_seq_0967_valid,1,,
dev_anom_igbt_seq_0037_valid,1,,
dev_anom_mosfet_seq_0201_invalid,0,RULE_DEP_NO_CLEAN,RULE_DEP_NO_CLEAN;RULE_METAL_ETCH_NO_LITHO;RULE_ETCH_NO_MASK;RULE_LITHO_LEVEL_SKIP;RULE_IMPLANT_NO_MASK;RULE_CMP_NO_DEP;RULE_PAD_OPEN_BEFORE_DEP;RULE_TEST_BEFORE_PASSIVATION
dev_anom_ic_seq_0970_valid,1,,
dev_anom_igbt_seq_0749_invalid,0,RULE_METAL_ETCH_NO_LITHO,RULE_METAL_ETCH_NO_LITHO;RULE_ETCH_NO_MASK;RULE_IMPLANT_NO_MASK
dev_anom_ic_seq_0735_invalid,0,RULE_METAL_ETCH_NO_LITHO,RULE_METAL_ETCH_NO_LITHO;RULE_ETCH_NO_MASK;RULE_CMP_NO_DEP;RULE_PAD_OPEN_BEFORE_DEP;RULE_TEST_BEFORE_PASSIVATION
dev_anom_ic_seq_0885_invalid,0,RULE_SHIP_BEFORE_TEST,RULE_SHIP_BEFORE_TEST
dev_anom_ic_seq_0314_invalid,0,RULE_METAL_ETCH_NO_LITHO,RULE_METAL_ETCH_NO_LITHO;RULE_ETCH_NO_MASK;RULE_LITHO_LEVEL_SKIP;RULE_CMP_NO_DEP;RULE_PAD_OPEN_BEFORE_DEP;RULE_TEST_BEFORE_PASSIVATION
dev_anom_igbt_seq_0330_invalid,0,RULE_METAL_ETCH_NO_LITHO,RULE_METAL_ETCH_NO_LITHO;RULE_ETCH_NO_MASK;RULE_LITHO_LEVEL_SKIP;RULE_IMPLANT_NO_MASK;RULE_CMP_NO_DEP;RULE_PAD_OPEN_BEFORE_DEP
dev_anom_mosfet_seq_0308_valid,1,,
dev_anom_ic_seq_0070_valid,1,,
dev_anom_igbt_seq_0475_valid,1,,
dev_anom_mosfet_seq_0222_valid,1,,
dev_anom_igbt_seq_0301_invalid,0,RULE_METAL_ETCH_NO_LITHO,RULE_METAL_ETCH_NO_LITHO;RULE_ETCH_NO_MASK;RULE_IMPLANT_NO_MASK
dev_anom_igbt_seq_0576_valid,1,,
dev_anom_mosfet_seq_0075_invalid,0,RULE_METAL_ETCH_NO_LITHO,RULE_METAL_ETCH_NO_LITHO;RULE_ETCH_NO_MASK;RULE_IMPLANT_NO_MASK
dev_anom_ic_seq_0411_valid,1,,
dev_anom_igbt_seq_0020_invalid,0,RULE_DEP_NO_CLEAN,RULE_DEP_NO_CLEAN;RULE_METAL_ETCH_NO_LITHO;RULE_ETCH_NO_MASK;RULE_LITHO_LEVEL_SKIP;RULE_IMPLANT_NO_MASK;RULE_CMP_NO_DEP;RULE_PAD_OPEN_BEFORE_DEP;RULE_BACKSIDE_BEFORE_PASSIVATION
dev_anom_mosfet_seq_0963_invalid,0,RULE_METAL_ETCH_NO_LITHO,RULE_METAL_ETCH_NO_LITHO;RULE_ETCH_NO_MASK;RULE_LITHO_LEVEL_SKIP;RULE_IMPLANT_NO_MASK;RULE_CMP_NO_DEP;RULE_PAD_OPEN_BEFORE_DEP;RULE_TEST_BEFORE_PASSIVATION
dev_anom_ic_seq_0486_valid,1,,
dev_anom_ic_seq_0334_valid,1,,
dev_anom_igbt_seq_0763_invalid,0,RULE_SHIP_BEFORE_TEST,RULE_SHIP_BEFORE_TEST
dev_anom_igbt_seq_0729_valid,1,,
dev_anom_igbt_seq_0097_valid,1,,
dev_anom_ic_seq_0882_valid,1,,
dev_anom_igbt_seq_0695_valid,1,,
dev_anom_igbt_seq_0191_invalid,0,RULE_SHIP_BEFORE_TEST,RULE_SHIP_BEFORE_TEST
dev_anom_mosfet_seq_0494_invalid,0,RULE_DEP_NO_CLEAN,RULE_DEP_NO_CLEAN;RULE_ETCH_NO_MASK;RULE_LITHO_LEVEL_SKIP;RULE_CMP_NO_DEP;RULE_PAD_OPEN_BEFORE_DEP
dev_anom_igbt_seq_0301_valid,1,,
dev_anom_ic_seq_0369_valid,1,,
dev_anom_igbt_seq_0695_invalid,0,RULE_SHIP_BEFORE_TEST,RULE_SHIP_BEFORE_TEST
dev_anom_mosfet_seq_0292_valid,1,,
dev_anom_igbt_seq_0838_valid,1,,
dev_anom_ic_seq_0820_invalid,0,RULE_DEP_NO_CLEAN,RULE_DEP_NO_CLEAN;RULE_METAL_ETCH_NO_LITHO;RULE_ETCH_NO_MASK;RULE_LITHO_LEVEL_SKIP;RULE_CMP_NO_DEP;RULE_PAD_OPEN_BEFORE_DEP;RULE_TEST_BEFORE_PASSIVATION
dev_anom_ic_seq_0368_valid,1,,
dev_anom_igbt_seq_0111_valid,1,,
dev_anom_ic_seq_0927_valid,1,,
dev_anom_igbt_seq_0662_invalid,0,RULE_METAL_ETCH_NO_LITHO,RULE_METAL_ETCH_NO_LITHO;RULE_ETCH_NO_MASK;RULE_IMPLANT_NO_MASK
dev_anom_mosfet_seq_0726_valid,1,,
dev_anom_mosfet_seq_0494_valid,1,,
dev_anom_mosfet_seq_0426_valid,1,,
dev_anom_ic_seq_0959_valid,1,,
dev_anom_ic_seq_0028_invalid,0,RULE_LITHO_LEVEL_SKIP,RULE_LITHO_LEVEL_SKIP;RULE_IMPLANT_NO_MASK;RULE_CMP_NO_DEP;RULE_PAD_OPEN_BEFORE_DEP;RULE_TEST_BEFORE_PASSIVATION
dev_anom_ic_seq_0046_valid,1,,
dev_anom_ic_seq_0900_valid,1,,
dev_anom_mosfet_seq_0451_invalid,0,RULE_DEP_NO_CLEAN,RULE_DEP_NO_CLEAN;RULE_METAL_ETCH_NO_LITHO;RULE_ETCH_NO_MASK;RULE_LITHO_LEVEL_SKIP;RULE_IMPLANT_NO_MASK;RULE_CMP_NO_DEP;RULE_PAD_OPEN_BEFORE_DEP;RULE_TEST_BEFORE_PASSIVATION;RULE_BACKSIDE_BEFORE_PASSIVATION
dev_anom_mosfet_seq_0364_invalid,0,RULE_SHIP_BEFORE_TEST,RULE_SHIP_BEFORE_TEST
dev_anom_ic_seq_0938_invalid,0,RULE_SHIP_BEFORE_TEST,RULE_SHIP_BEFORE_TEST
dev_anom_mosfet_seq_0012_invalid,0,RULE_SHIP_BEFORE_TEST,RULE_SHIP_BEFORE_TEST
dev_anom_ic_seq_0654_invalid,0,RULE_METAL_ETCH_NO_LITHO,RULE_METAL_ETCH_NO_LITHO;RULE_ETCH_NO_MASK
dev_anom_igbt_seq_0318_invalid,0,RULE_METAL_ETCH_NO_LITHO,RULE_METAL_ETCH_NO_LITHO;RULE_ETCH_NO_MASK;RULE_LITHO_LEVEL_SKIP;RULE_CMP_NO_DEP;RULE_PAD_OPEN_BEFORE_DEP;RULE_TEST_BEFORE_PASSIVATION;RULE_BACKSIDE_BEFORE_PASSIVATION
dev_anom_mosfet_seq_0217_valid,1,,
dev_anom_igbt_seq_0377_valid,1,,
dev_anom_ic_seq_0334_invalid,0,RULE_SHIP_BEFORE_TEST,RULE_SHIP_BEFORE_TEST
dev_anom_ic_seq_0214_valid,1,,
dev_anom_igbt_seq_0419_invalid,0,RULE_METAL_ETCH_NO_LITHO,RULE_METAL_ETCH_NO_LITHO;RULE_ETCH_NO_MASK;RULE_IMPLANT_NO_MASK
dev_anom_ic_seq_0035_invalid,0,RULE_METAL_ETCH_NO_LITHO,RULE_METAL_ETCH_NO_LITHO;RULE_ETCH_NO_MASK;RULE_IMPLANT_NO_MASK
dev_anom_igbt_seq_0826_valid,1,,
dev_anom_mosfet_seq_0050_invalid,0,RULE_SHIP_BEFORE_TEST,RULE_SHIP_BEFORE_TEST
dev_anom_ic_seq_0647_valid,1,,
dev_anom_igbt_seq_0292_invalid,0,RULE_METAL_ETCH_NO_LITHO,RULE_METAL_ETCH_NO_LITHO;RULE_ETCH_NO_MASK;RULE_IMPLANT_NO_MASK
dev_anom_igbt_seq_0878_valid,1,,
dev_anom_igbt_seq_0330_valid,1,,
dev_anom_ic_seq_0193_invalid,0,RULE_SHIP_BEFORE_TEST,RULE_SHIP_BEFORE_TEST
dev_anom_ic_seq_0080_valid,1,,
dev_anom_igbt_seq_0943_valid,1,,
dev_anom_ic_seq_0576_invalid,0,RULE_SHIP_BEFORE_TEST,RULE_SHIP_BEFORE_TEST
dev_anom_igbt_seq_0223_valid,1,,
dev_anom_igbt_seq_0749_valid,1,,
dev_anom_igbt_seq_0079_invalid,0,RULE_METAL_ETCH_NO_LITHO,RULE_METAL_ETCH_NO_LITHO;RULE_ETCH_NO_MASK;RULE_IMPLANT_NO_MASK
dev_anom_igbt_seq_0202_invalid,0,RULE_SHIP_BEFORE_TEST,RULE_SHIP_BEFORE_TEST
dev_anom_mosfet_seq_0768_valid,1,,
dev_anom_igbt_seq_0906_invalid,0,RULE_SHIP_BEFORE_TEST,RULE_SHIP_BEFORE_TEST
dev_anom_igbt_seq_0318_valid,1,,
dev_anom_igbt_seq_0555_invalid,0,RULE_DEP_NO_CLEAN,RULE_DEP_NO_CLEAN;RULE_ETCH_NO_MASK;RULE_LITHO_LEVEL_SKIP;RULE_IMPLANT_NO_MASK;RULE_PAD_OPEN_BEFORE_DEP;RULE_BACKSIDE_BEFORE_PASSIVATION
dev_anom_mosfet_seq_0858_invalid,0,RULE_DEP_NO_CLEAN,RULE_DEP_NO_CLEAN;RULE_METAL_ETCH_NO_LITHO;RULE_ETCH_NO_MASK;RULE_LITHO_LEVEL_SKIP;RULE_IMPLANT_NO_MASK;RULE_CMP_NO_DEP;RULE_TEST_BEFORE_PASSIVATION
dev_anom_mosfet_seq_0091_valid,1,,
dev_anom_ic_seq_0104_valid,1,,
dev_anom_ic_seq_0644_invalid,0,RULE_SHIP_BEFORE_TEST,RULE_SHIP_BEFORE_TEST
dev_anom_igbt_seq_0976_invalid,0,RULE_DEP_NO_CLEAN,RULE_DEP_NO_CLEAN;RULE_METAL_ETCH_NO_LITHO;RULE_ETCH_NO_MASK;RULE_LITHO_LEVEL_SKIP;RULE_IMPLANT_NO_MASK;RULE_CMP_NO_DEP;RULE_PAD_OPEN_BEFORE_DEP;RULE_TEST_BEFORE_PASSIVATION
dev_anom_mosfet_seq_0820_valid,1,,
dev_anom_mosfet_seq_0527_invalid,0,RULE_METAL_ETCH_NO_LITHO,RULE_METAL_ETCH_NO_LITHO;RULE_ETCH_NO_MASK;RULE_IMPLANT_NO_MASK;RULE_CMP_NO_DEP;RULE_PAD_OPEN_BEFORE_DEP;RULE_TEST_BEFORE_PASSIVATION;RULE_BACKSIDE_BEFORE_PASSIVATION
dev_anom_ic_seq_0883_invalid,0,RULE_SHIP_BEFORE_TEST,RULE_SHIP_BEFORE_TEST
dev_anom_igbt_seq_0505_invalid,0,RULE_METAL_ETCH_NO_LITHO,RULE_METAL_ETCH_NO_LITHO;RULE_ETCH_NO_MASK;RULE_IMPLANT_NO_MASK
dev_anom_igbt_seq_0928_invalid,0,RULE_METAL_ETCH_NO_LITHO,RULE_METAL_ETCH_NO_LITHO;RULE_ETCH_NO_MASK;RULE_IMPLANT_NO_MASK
dev_anom_ic_seq_0735_valid,1,,
dev_anom_ic_seq_0949_invalid,0,RULE_METAL_ETCH_NO_LITHO,RULE_METAL_ETCH_NO_LITHO;RULE_ETCH_NO_MASK;RULE_LITHO_LEVEL_SKIP;RULE_TEST_BEFORE_PASSIVATION
dev_anom_mosfet_seq_0789_invalid,0,RULE_SHIP_BEFORE_TEST,RULE_SHIP_BEFORE_TEST
dev_anom_mosfet_seq_0901_valid,1,,
dev_anom_mosfet_seq_0106_invalid,0,RULE_DEP_NO_CLEAN,RULE_DEP_NO_CLEAN;RULE_METAL_ETCH_NO_LITHO;RULE_ETCH_NO_MASK;RULE_LITHO_LEVEL_SKIP;RULE_IMPLANT_NO_MASK;RULE_PAD_OPEN_BEFORE_DEP
dev_anom_ic_seq_0040_invalid,0,RULE_METAL_ETCH_NO_LITHO,RULE_METAL_ETCH_NO_LITHO;RULE_ETCH_NO_MASK;RULE_IMPLANT_NO_MASK
dev_anom_igbt_seq_0911_invalid,0,RULE_SHIP_BEFORE_TEST,RULE_SHIP_BEFORE_TEST
dev_anom_ic_seq_0522_invalid,0,RULE_METAL_ETCH_NO_LITHO,RULE_METAL_ETCH_NO_LITHO;RULE_ETCH_NO_MASK;RULE_LITHO_LEVEL_SKIP;RULE_IMPLANT_NO_MASK;RULE_TEST_BEFORE_PASSIVATION
dev_anom_ic_seq_0637_invalid,0,RULE_SHIP_BEFORE_TEST,RULE_SHIP_BEFORE_TEST
dev_anom_mosfet_seq_0391_valid,1,,
dev_anom_ic_seq_0005_invalid,0,RULE_SHIP_BEFORE_TEST,RULE_SHIP_BEFORE_TEST
dev_anom_ic_seq_0568_invalid,0,RULE_METAL_ETCH_NO_LITHO,RULE_METAL_ETCH_NO_LITHO;RULE_ETCH_NO_MASK;RULE_LITHO_LEVEL_SKIP;RULE_CMP_NO_DEP;RULE_PAD_OPEN_BEFORE_DEP;RULE_TEST_BEFORE_PASSIVATION
dev_anom_ic_seq_0183_valid,1,,
dev_anom_mosfet_seq_0938_valid,1,,
dev_anom_ic_seq_0101_invalid,0,RULE_METAL_ETCH_NO_LITHO,RULE_METAL_ETCH_NO_LITHO;RULE_ETCH_NO_MASK;RULE_IMPLANT_NO_MASK
dev_anom_igbt_seq_0366_invalid,0,RULE_DEP_NO_CLEAN,RULE_DEP_NO_CLEAN;RULE_METAL_ETCH_NO_LITHO;RULE_ETCH_NO_MASK;RULE_LITHO_LEVEL_SKIP;RULE_IMPLANT_NO_MASK;RULE_CMP_NO_DEP;RULE_PAD_OPEN_BEFORE_DEP;RULE_TEST_BEFORE_PASSIVATION;RULE_BACKSIDE_BEFORE_PASSIVATION
dev_anom_mosfet_seq_0201_valid,1,,
dev_anom_ic_seq_0930_valid,1,,
dev_anom_mosfet_seq_0761_valid,1,,
dev_anom_mosfet_seq_0217_invalid,0,RULE_METAL_ETCH_NO_LITHO,RULE_METAL_ETCH_NO_LITHO;RULE_ETCH_NO_MASK;RULE_LITHO_LEVEL_SKIP;RULE_CMP_NO_DEP;RULE_PAD_OPEN_BEFORE_DEP;RULE_TEST_BEFORE_PASSIVATION;RULE_BACKSIDE_BEFORE_PASSIVATION
dev_anom_igbt_seq_0489_invalid,0,RULE_METAL_ETCH_NO_LITHO,RULE_METAL_ETCH_NO_LITHO;RULE_ETCH_NO_MASK;RULE_IMPLANT_NO_MASK
dev_anom_igbt_seq_0246_valid,1,,
dev_anom_mosfet_seq_0547_valid,1,,
dev_anom_ic_seq_0107_invalid,0,RULE_DEP_NO_CLEAN,RULE_DEP_NO_CLEAN;RULE_ETCH_NO_MASK;RULE_LITHO_LEVEL_SKIP;RULE_CMP_NO_DEP;RULE_PAD_OPEN_BEFORE_DEP;RULE_TEST_BEFORE_PASSIVATION
dev_anom_ic_seq_0183_invalid,0,RULE_METAL_ETCH_NO_LITHO,RULE_METAL_ETCH_NO_LITHO;RULE_ETCH_NO_MASK;RULE_IMPLANT_NO_MASK
dev_anom_mosfet_seq_0012_valid,1,,
dev_anom_mosfet_seq_0291_invalid,0,RULE_SHIP_BEFORE_TEST,RULE_SHIP_BEFORE_TEST
dev_anom_ic_seq_0410_valid,1,,
dev_anom_igbt_seq_0271_invalid,0,RULE_METAL_ETCH_NO_LITHO,RULE_METAL_ETCH_NO_LITHO;RULE_ETCH_NO_MASK;RULE_IMPLANT_NO_MASK
dev_anom_ic_seq_0035_valid,1,,
dev_anom_ic_seq_0884_invalid,0,RULE_DEP_NO_CLEAN,RULE_DEP_NO_CLEAN;RULE_METAL_ETCH_NO_LITHO;RULE_ETCH_NO_MASK;RULE_LITHO_LEVEL_SKIP;RULE_IMPLANT_NO_MASK;RULE_CMP_NO_DEP;RULE_PAD_OPEN_BEFORE_DEP;RULE_TEST_BEFORE_PASSIVATION
dev_anom_ic_seq_0177_invalid,0,RULE_DEP_NO_CLEAN,RULE_DEP_NO_CLEAN;RULE_METAL_ETCH_NO_LITHO;RULE_ETCH_NO_MASK;RULE_LITHO_LEVEL_SKIP;RULE_IMPLANT_NO_MASK;RULE_CMP_NO_DEP;RULE_PAD_OPEN_BEFORE_DEP
dev_anom_igbt_seq_0469_invalid,0,RULE_METAL_ETCH_NO_LITHO,RULE_METAL_ETCH_NO_LITHO;RULE_ETCH_NO_MASK;RULE_LITHO_LEVEL_SKIP;RULE_IMPLANT_NO_MASK;RULE_TEST_BEFORE_PASSIVATION
dev_anom_igbt_seq_0763_valid,1,,
dev_anom_ic_seq_0020_valid,1,,
dev_anom_mosfet_seq_0042_valid,1,,
dev_anom_mosfet_seq_0264_valid,1,,
dev_anom_ic_seq_0070_invalid,0,RULE_SHIP_BEFORE_TEST,RULE_SHIP_BEFORE_TEST
dev_anom_mosfet_seq_0554_invalid,0,RULE_METAL_ETCH_NO_LITHO,RULE_METAL_ETCH_NO_LITHO;RULE_ETCH_NO_MASK;RULE_IMPLANT_NO_MASK
dev_anom_igbt_seq_0115_valid,1,,
dev_anom_ic_seq_0605_valid,1,,
dev_anom_ic_seq_0013_valid,1,,
dev_anom_mosfet_seq_0970_valid,1,,
dev_anom_mosfet_seq_0222_invalid,0,RULE_DEP_NO_CLEAN,RULE_DEP_NO_CLEAN;RULE_METAL_ETCH_NO_LITHO;RULE_ETCH_NO_MASK;RULE_LITHO_LEVEL_SKIP;RULE_CMP_NO_DEP;RULE_PAD_OPEN_BEFORE_DEP;RULE_TEST_BEFORE_PASSIVATION;RULE_BACKSIDE_BEFORE_PASSIVATION
dev_anom_ic_seq_0699_valid,1,,
dev_anom_ic_seq_0230_invalid,0,RULE_METAL_ETCH_NO_LITHO,RULE_METAL_ETCH_NO_LITHO;RULE_ETCH_NO_MASK;RULE_IMPLANT_NO_MASK
dev_anom_igbt_seq_0804_invalid,0,RULE_SHIP_BEFORE_TEST,RULE_SHIP_BEFORE_TEST
dev_anom_igbt_seq_0943_invalid,0,RULE_DEP_NO_CLEAN,RULE_DEP_NO_CLEAN;RULE_METAL_ETCH_NO_LITHO;RULE_ETCH_NO_MASK;RULE_LITHO_LEVEL_SKIP;RULE_IMPLANT_NO_MASK;RULE_CMP_NO_DEP;RULE_PAD_OPEN_BEFORE_DEP
dev_anom_igbt_seq_0444_valid,1,,
dev_anom_igbt_seq_0821_valid,1,,
dev_anom_igbt_seq_0502_invalid,0,RULE_DEP_NO_CLEAN,RULE_DEP_NO_CLEAN;RULE_METAL_ETCH_NO_LITHO;RULE_ETCH_NO_MASK;RULE_LITHO_LEVEL_SKIP;RULE_IMPLANT_NO_MASK;RULE_CMP_NO_DEP;RULE_PAD_OPEN_BEFORE_DEP;RULE_TEST_BEFORE_PASSIVATION;RULE_BACKSIDE_BEFORE_PASSIVATION
dev_anom_mosfet_seq_0602_valid,1,,
dev_anom_ic_seq_0205_invalid,0,RULE_METAL_ETCH_NO_LITHO,RULE_METAL_ETCH_NO_LITHO;RULE_ETCH_NO_MASK
dev_anom_igbt_seq_1000_valid,1,,
dev_anom_igbt_seq_0097_invalid,0,RULE_METAL_ETCH_NO_LITHO,RULE_METAL_ETCH_NO_LITHO;RULE_ETCH_NO_MASK;RULE_IMPLANT_NO_MASK
dev_anom_mosfet_seq_0464_invalid,0,RULE_METAL_ETCH_NO_LITHO,RULE_METAL_ETCH_NO_LITHO;RULE_ETCH_NO_MASK;RULE_LITHO_LEVEL_SKIP;RULE_IMPLANT_NO_MASK;RULE_CMP_NO_DEP;RULE_PAD_OPEN_BEFORE_DEP;RULE_TEST_BEFORE_PASSIVATION;RULE_BACKSIDE_BEFORE_PASSIVATION
dev_anom_ic_seq_0019_valid,1,,
dev_anom_igbt_seq_0477_invalid,0,RULE_SHIP_BEFORE_TEST,RULE_SHIP_BEFORE_TEST
dev_anom_mosfet_seq_0298_valid,1,,
dev_anom_ic_seq_0881_invalid,0,RULE_METAL_ETCH_NO_LITHO,RULE_METAL_ETCH_NO_LITHO;RULE_ETCH_NO_MASK;RULE_LITHO_LEVEL_SKIP;RULE_CMP_NO_DEP;RULE_PAD_OPEN_BEFORE_DEP
dev_anom_mosfet_seq_0610_invalid,0,RULE_SHIP_BEFORE_TEST,RULE_SHIP_BEFORE_TEST
dev_anom_mosfet_seq_0107_valid,1,,
dev_anom_igbt_seq_0995_invalid,0,RULE_DEP_NO_CLEAN,RULE_DEP_NO_CLEAN;RULE_ETCH_NO_MASK;RULE_LITHO_LEVEL_SKIP;RULE_IMPLANT_NO_MASK;RULE_CMP_NO_DEP;RULE_PAD_OPEN_BEFORE_DEP;RULE_TEST_BEFORE_PASSIVATION;RULE_BACKSIDE_BEFORE_PASSIVATION
dev_anom_mosfet_seq_0961_invalid,0,RULE_DEP_NO_CLEAN,RULE_DEP_NO_CLEAN;RULE_ETCH_NO_MASK;RULE_LITHO_LEVEL_SKIP;RULE_PAD_OPEN_BEFORE_DEP;RULE_TEST_BEFORE_PASSIVATION;RULE_BACKSIDE_BEFORE_PASSIVATION
dev_anom_mosfet_seq_0433_invalid,0,RULE_DEP_NO_CLEAN,RULE_DEP_NO_CLEAN;RULE_ETCH_NO_MASK;RULE_LITHO_LEVEL_SKIP;RULE_IMPLANT_NO_MASK;RULE_PAD_OPEN_BEFORE_DEP;RULE_TEST_BEFORE_PASSIVATION;RULE_BACKSIDE_BEFORE_PASSIVATION
dev_anom_ic_seq_0644_valid,1,,
dev_anom_igbt_seq_0395_invalid,0,RULE_SHIP_BEFORE_TEST,RULE_SHIP_BEFORE_TEST
dev_anom_ic_seq_0104_invalid,0,RULE_DEP_NO_CLEAN,RULE_DEP_NO_CLEAN;RULE_METAL_ETCH_NO_LITHO;RULE_ETCH_NO_MASK;RULE_LITHO_LEVEL_SKIP;RULE_CMP_NO_DEP;RULE_TEST_BEFORE_PASSIVATION
dev_anom_igbt_seq_0816_valid,1,,
dev_anom_ic_seq_0746_valid,1,,
dev_anom_mosfet_seq_0917_invalid,0,RULE_DEP_NO_CLEAN,RULE_DEP_NO_CLEAN;RULE_METAL_ETCH_NO_LITHO;RULE_ETCH_NO_MASK;RULE_IMPLANT_NO_MASK;RULE_CMP_NO_DEP;RULE_TEST_BEFORE_PASSIVATION
dev_anom_ic_seq_0869_valid,1,,
dev_anom_igbt_seq_0894_invalid,0,RULE_METAL_ETCH_NO_LITHO,RULE_METAL_ETCH_NO_LITHO;RULE_ETCH_NO_MASK;RULE_IMPLANT_NO_MASK
dev_anom_igbt_seq_0402_invalid,0,RULE_SHIP_BEFORE_TEST,RULE_SHIP_BEFORE_TEST
dev_anom_mosfet_seq_0929_invalid,0,RULE_DEP_NO_CLEAN,RULE_DEP_NO_CLEAN;RULE_METAL_ETCH_NO_LITHO;RULE_ETCH_NO_MASK;RULE_LITHO_LEVEL_SKIP;RULE_IMPLANT_NO_MASK;RULE_CMP_NO_DEP;RULE_BACKSIDE_BEFORE_PASSIVATION
dev_anom_mosfet_seq_0358_invalid,0,RULE_DEP_NO_CLEAN,RULE_DEP_NO_CLEAN;RULE_ETCH_NO_MASK;RULE_LITHO_LEVEL_SKIP;RULE_IMPLANT_NO_MASK;RULE_PAD_OPEN_BEFORE_DEP;RULE_TEST_BEFORE_PASSIVATION;RULE_BACKSIDE_BEFORE_PASSIVATION
dev_anom_mosfet_seq_0298_invalid,0,RULE_METAL_ETCH_NO_LITHO,RULE_METAL_ETCH_NO_LITHO;RULE_ETCH_NO_MASK;RULE_IMPLANT_NO_MASK
dev_anom_mosfet_seq_0264_invalid,0,RULE_METAL_ETCH_NO_LITHO,RULE_METAL_ETCH_NO_LITHO;RULE_ETCH_NO_MASK;RULE_IMPLANT_NO_MASK
dev_anom_igbt_seq_0906_valid,1,,
dev_anom_igbt_seq_0032_invalid,0,RULE_METAL_ETCH_NO_LITHO,RULE_METAL_ETCH_NO_LITHO;RULE_ETCH_NO_MASK;RULE_IMPLANT_NO_MASK
dev_anom_mosfet_seq_0882_valid,1,,
dev_anom_mosfet_seq_0989_valid,1,,
dev_anom_mosfet_seq_0464_valid,1,,
dev_anom_mosfet_seq_0620_valid,1,,
dev_anom_ic_seq_0744_valid,1,,
dev_anom_mosfet_seq_0516_valid,1,,
dev_anom_igbt_seq_0037_invalid,0,RULE_SHIP_BEFORE_TEST,RULE_SHIP_BEFORE_TEST
dev_anom_ic_seq_0369_invalid,0,RULE_METAL_ETCH_NO_LITHO,RULE_METAL_ETCH_NO_LITHO;RULE_ETCH_NO_MASK
dev_anom_ic_seq_0020_invalid,0,RULE_METAL_ETCH_NO_LITHO,RULE_METAL_ETCH_NO_LITHO;RULE_ETCH_NO_MASK
dev_anom_ic_seq_0290_invalid,0,RULE_METAL_ETCH_NO_LITHO,RULE_METAL_ETCH_NO_LITHO;RULE_ETCH_NO_MASK;RULE_LITHO_LEVEL_SKIP;RULE_PAD_OPEN_BEFORE_DEP;RULE_TEST_BEFORE_PASSIVATION
dev_anom_igbt_seq_0878_invalid,0,RULE_METAL_ETCH_NO_LITHO,RULE_METAL_ETCH_NO_LITHO;RULE_ETCH_NO_MASK;RULE_LITHO_LEVEL_SKIP;RULE_IMPLANT_NO_MASK;RULE_CMP_NO_DEP;RULE_PAD_OPEN_BEFORE_DEP;RULE_TEST_BEFORE_PASSIVATION;RULE_BACKSIDE_BEFORE_PASSIVATION
dev_anom_igbt_seq_0087_invalid,0,RULE_DEP_NO_CLEAN,RULE_DEP_NO_CLEAN;RULE_METAL_ETCH_NO_LITHO;RULE_ETCH_NO_MASK;RULE_LITHO_LEVEL_SKIP;RULE_CMP_NO_DEP;RULE_PAD_OPEN_BEFORE_DEP;RULE_TEST_BEFORE_PASSIVATION
dev_anom_mosfet_seq_0021_invalid,0,RULE_METAL_ETCH_NO_LITHO,RULE_METAL_ETCH_NO_LITHO;RULE_ETCH_NO_MASK;RULE_IMPLANT_NO_MASK
dev_anom_mosfet_seq_0428_invalid,0,RULE_DEP_NO_CLEAN,RULE_DEP_NO_CLEAN;RULE_METAL_ETCH_NO_LITHO;RULE_ETCH_NO_MASK;RULE_LITHO_LEVEL_SKIP;RULE_IMPLANT_NO_MASK;RULE_PAD_OPEN_BEFORE_DEP;RULE_TEST_BEFORE_PASSIVATION;RULE_BACKSIDE_BEFORE_PASSIVATION
dev_anom_mosfet_seq_0923_invalid,0,RULE_METAL_ETCH_NO_LITHO,RULE_METAL_ETCH_NO_LITHO;RULE_ETCH_NO_MASK;RULE_LITHO_LEVEL_SKIP;RULE_PAD_OPEN_BEFORE_DEP;RULE_TEST_BEFORE_PASSIVATION;RULE_BACKSIDE_BEFORE_PASSIVATION
dev_anom_ic_seq_0885_valid,1,,
dev_anom_mosfet_seq_0035_valid,1,,
dev_anom_igbt_seq_0981_valid,1,,
dev_anom_ic_seq_0949_valid,1,,
dev_anom_ic_seq_0154_invalid,0,RULE_METAL_ETCH_NO_LITHO,RULE_METAL_ETCH_NO_LITHO;RULE_ETCH_NO_MASK
dev_anom_igbt_seq_0220_valid,1,,
dev_anom_igbt_seq_0036_invalid,0,RULE_DEP_NO_CLEAN,RULE_DEP_NO_CLEAN;RULE_METAL_ETCH_NO_LITHO;RULE_ETCH_NO_MASK;RULE_LITHO_LEVEL_SKIP;RULE_CMP_NO_DEP;RULE_PAD_OPEN_BEFORE_DEP;RULE_TEST_BEFORE_PASSIVATION;RULE_BACKSIDE_BEFORE_PASSIVATION
dev_anom_igbt_seq_0079_valid,1,,
dev_anom_igbt_seq_0146_invalid,0,RULE_METAL_ETCH_NO_LITHO,RULE_METAL_ETCH_NO_LITHO;RULE_ETCH_NO_MASK;RULE_IMPLANT_NO_MASK
dev_anom_mosfet_seq_0929_valid,1,,
dev_anom_igbt_seq_0455_invalid,0,RULE_METAL_ETCH_NO_LITHO,RULE_METAL_ETCH_NO_LITHO;RULE_ETCH_NO_MASK;RULE_IMPLANT_NO_MASK
dev_anom_ic_seq_0810_valid,1,,
dev_anom_ic_seq_0158_invalid,0,RULE_METAL_ETCH_NO_LITHO,RULE_METAL_ETCH_NO_LITHO;RULE_ETCH_NO_MASK
dev_anom_igbt_seq_0867_invalid,0,RULE_DEP_NO_CLEAN,RULE_DEP_NO_CLEAN;RULE_ETCH_NO_MASK;RULE_LITHO_LEVEL_SKIP;RULE_IMPLANT_NO_MASK;RULE_CMP_NO_DEP;RULE_PAD_OPEN_BEFORE_DEP;RULE_TEST_BEFORE_PASSIVATION;RULE_BACKSIDE_BEFORE_PASSIVATION
dev_anom_ic_seq_0329_invalid,0,RULE_SHIP_BEFORE_TEST,RULE_SHIP_BEFORE_TEST
dev_anom_mosfet_seq_0598_invalid,0,RULE_DEP_NO_CLEAN,RULE_DEP_NO_CLEAN;RULE_ETCH_NO_MASK;RULE_IMPLANT_NO_MASK;RULE_CMP_NO_DEP;RULE_PAD_OPEN_BEFORE_DEP;RULE_TEST_BEFORE_PASSIVATION;RULE_BACKSIDE_BEFORE_PASSIVATION
dev_anom_ic_seq_0329_valid,1,,
dev_anom_igbt_seq_0412_valid,1,,
dev_anom_mosfet_seq_0761_invalid,0,RULE_METAL_ETCH_NO_LITHO,RULE_METAL_ETCH_NO_LITHO;RULE_ETCH_NO_MASK;RULE_IMPLANT_NO_MASK
dev_anom_igbt_seq_0556_valid,1,,
dev_anom_igbt_seq_0298_valid,1,,
dev_anom_ic_seq_0342_invalid,0,RULE_SHIP_BEFORE_TEST,RULE_SHIP_BEFORE_TEST
dev_anom_mosfet_seq_0353_invalid,0,RULE_SHIP_BEFORE_TEST,RULE_SHIP_BEFORE_TEST
dev_anom_mosfet_seq_0303_valid,1,,
dev_anom_igbt_seq_0444_invalid,0,RULE_METAL_ETCH_NO_LITHO,RULE_METAL_ETCH_NO_LITHO;RULE_ETCH_NO_MASK;RULE_IMPLANT_NO_MASK
dev_anom_igbt_seq_0148_valid,1,,
dev_anom_igbt_seq_0227_valid,1,,
dev_anom_igbt_seq_0725_valid,1,,
dev_anom_mosfet_seq_0192_invalid,0,RULE_METAL_ETCH_NO_LITHO,RULE_METAL_ETCH_NO_LITHO;RULE_ETCH_NO_MASK;RULE_IMPLANT_NO_MASK
dev_anom_ic_seq_0168_invalid,0,RULE_METAL_ETCH_NO_LITHO,RULE_METAL_ETCH_NO_LITHO;RULE_ETCH_NO_MASK;RULE_LITHO_LEVEL_SKIP;RULE_CMP_NO_DEP;RULE_PAD_OPEN_BEFORE_DEP;RULE_TEST_BEFORE_PASSIVATION
dev_anom_ic_seq_0959_invalid,0,RULE_SHIP_BEFORE_TEST,RULE_SHIP_BEFORE_TEST
dev_anom_igbt_seq_0455_valid,1,,
dev_anom_igbt_seq_0677_invalid,0,RULE_METAL_ETCH_NO_LITHO,RULE_METAL_ETCH_NO_LITHO;RULE_ETCH_NO_MASK;RULE_LITHO_LEVEL_SKIP;RULE_IMPLANT_NO_MASK;RULE_CMP_NO_DEP;RULE_PAD_OPEN_BEFORE_DEP;RULE_TEST_BEFORE_PASSIVATION;RULE_BACKSIDE_BEFORE_PASSIVATION
dev_anom_mosfet_seq_0961_valid,1,,
dev_anom_ic_seq_0938_valid,1,,
dev_anom_igbt_seq_0683_invalid,0,RULE_SHIP_BEFORE_TEST,RULE_SHIP_BEFORE_TEST
dev_anom_mosfet_seq_0086_invalid,0,RULE_SHIP_BEFORE_TEST,RULE_SHIP_BEFORE_TEST
dev_anom_igbt_seq_0894_valid,1,,
dev_anom_ic_seq_0018_invalid,0,RULE_SHIP_BEFORE_TEST,RULE_SHIP_BEFORE_TEST
dev_anom_mosfet_seq_0516_invalid,0,RULE_METAL_ETCH_NO_LITHO,RULE_METAL_ETCH_NO_LITHO;RULE_ETCH_NO_MASK;RULE_LITHO_LEVEL_SKIP;RULE_IMPLANT_NO_MASK;RULE_CMP_NO_DEP;RULE_PAD_OPEN_BEFORE_DEP;RULE_TEST_BEFORE_PASSIVATION
dev_anom_ic_seq_0158_valid,1,,
dev_anom_ic_seq_0378_invalid,0,RULE_SHIP_BEFORE_TEST,RULE_SHIP_BEFORE_TEST
dev_anom_igbt_seq_0981_invalid,0,RULE_DEP_NO_CLEAN,RULE_DEP_NO_CLEAN;RULE_METAL_ETCH_NO_LITHO;RULE_ETCH_NO_MASK;RULE_LITHO_LEVEL_SKIP;RULE_IMPLANT_NO_MASK;RULE_CMP_NO_DEP;RULE_PAD_OPEN_BEFORE_DEP;RULE_TEST_BEFORE_PASSIVATION
dev_anom_ic_seq_0675_valid,1,,
dev_anom_ic_seq_0081_invalid,0,RULE_SHIP_BEFORE_TEST,RULE_SHIP_BEFORE_TEST
dev_anom_igbt_seq_0721_valid,1,,
dev_anom_ic_seq_0652_invalid,0,RULE_METAL_ETCH_NO_LITHO,RULE_METAL_ETCH_NO_LITHO;RULE_ETCH_NO_MASK;RULE_IMPLANT_NO_MASK
dev_anom_mosfet_seq_0106_valid,1,,
dev_anom_mosfet_seq_0967_invalid,0,RULE_METAL_ETCH_NO_LITHO,RULE_METAL_ETCH_NO_LITHO;RULE_ETCH_NO_MASK;RULE_IMPLANT_NO_MASK
dev_anom_mosfet_seq_0475_valid,1,,
dev_anom_igbt_seq_0976_valid,1,,
dev_anom_mosfet_seq_0672_invalid,0,RULE_SHIP_BEFORE_TEST,RULE_SHIP_BEFORE_TEST
dev_anom_ic_seq_0604_invalid,0,RULE_METAL_ETCH_NO_LITHO,RULE_METAL_ETCH_NO_LITHO;RULE_ETCH_NO_MASK
dev_anom_igbt_seq_0826_invalid,0,RULE_SHIP_BEFORE_TEST,RULE_SHIP_BEFORE_TEST
dev_anom_mosfet_seq_0602_invalid,0,RULE_METAL_ETCH_NO_LITHO,RULE_METAL_ETCH_NO_LITHO;RULE_ETCH_NO_MASK;RULE_IMPLANT_NO_MASK
dev_anom_mosfet_seq_0901_invalid,0,RULE_SHIP_BEFORE_TEST,RULE_SHIP_BEFORE_TEST
dev_anom_ic_seq_0378_valid,1,,
dev_anom_igbt_seq_0574_invalid,0,RULE_SHIP_BEFORE_TEST,RULE_SHIP_BEFORE_TEST
dev_anom_ic_seq_0719_valid,1,,
dev_anom_ic_seq_0810_invalid,0,RULE_SHIP_BEFORE_TEST,RULE_SHIP_BEFORE_TEST
dev_anom_igbt_seq_0298_invalid,0,RULE_METAL_ETCH_NO_LITHO,RULE_METAL_ETCH_NO_LITHO;RULE_ETCH_NO_MASK;RULE_IMPLANT_NO_MASK
dev_anom_mosfet_seq_0459_invalid,0,RULE_METAL_ETCH_NO_LITHO,RULE_METAL_ETCH_NO_LITHO;RULE_ETCH_NO_MASK;RULE_IMPLANT_NO_MASK
dev_anom_mosfet_seq_0477_invalid,0,RULE_DEP_NO_CLEAN,RULE_DEP_NO_CLEAN;RULE_METAL_ETCH_NO_LITHO;RULE_ETCH_NO_MASK;RULE_LITHO_LEVEL_SKIP;RULE_IMPLANT_NO_MASK;RULE_CMP_NO_DEP;RULE_TEST_BEFORE_PASSIVATION
dev_anom_mosfet_seq_0300_invalid,0,RULE_METAL_ETCH_NO_LITHO,RULE_METAL_ETCH_NO_LITHO;RULE_ETCH_NO_MASK;RULE_IMPLANT_NO_MASK
dev_anom_mosfet_seq_0469_invalid,0,RULE_DEP_NO_CLEAN,RULE_DEP_NO_CLEAN;RULE_METAL_ETCH_NO_LITHO;RULE_ETCH_NO_MASK;RULE_LITHO_LEVEL_SKIP;RULE_CMP_NO_DEP;RULE_TEST_BEFORE_PASSIVATION
dev_anom_igbt_seq_0862_valid,1,,
dev_anom_mosfet_seq_0042_invalid,0,RULE_SHIP_BEFORE_TEST,RULE_SHIP_BEFORE_TEST
dev_anom_mosfet_seq_0349_invalid,0,RULE_METAL_ETCH_NO_LITHO,RULE_METAL_ETCH_NO_LITHO;RULE_ETCH_NO_MASK;RULE_IMPLANT_NO_MASK
dev_anom_mosfet_seq_0789_valid,1,,
dev_anom_ic_seq_0693_invalid,0,RULE_SHIP_BEFORE_TEST,RULE_SHIP_BEFORE_TEST
dev_anom_igbt_seq_0477_valid,1,,
dev_anom_ic_seq_0193_valid,1,,
dev_anom_igbt_seq_0412_invalid,0,RULE_DEP_NO_CLEAN,RULE_DEP_NO_CLEAN;RULE_METAL_ETCH_NO_LITHO;RULE_ETCH_NO_MASK;RULE_LITHO_LEVEL_SKIP;RULE_IMPLANT_NO_MASK;RULE_CMP_NO_DEP;RULE_PAD_OPEN_BEFORE_DEP;RULE_TEST_BEFORE_PASSIVATION;RULE_BACKSIDE_BEFORE_PASSIVATION
dev_anom_igbt_seq_0066_invalid,0,RULE_METAL_ETCH_NO_LITHO,RULE_METAL_ETCH_NO_LITHO;RULE_ETCH_NO_MASK;RULE_IMPLANT_NO_MASK
dev_anom_mosfet_seq_0824_invalid,0,RULE_SHIP_BEFORE_TEST,RULE_SHIP_BEFORE_TEST
dev_anom_mosfet_seq_0768_invalid,0,RULE_SHIP_BEFORE_TEST,RULE_SHIP_BEFORE_TEST
dev_anom_ic_seq_0368_invalid,0,RULE_ETCH_NO_MASK,RULE_ETCH_NO_MASK;RULE_LITHO_LEVEL_SKIP;RULE_IMPLANT_NO_MASK;RULE_TEST_BEFORE_PASSIVATION
dev_anom_ic_seq_0531_invalid,0,RULE_METAL_ETCH_NO_LITHO,RULE_METAL_ETCH_NO_LITHO;RULE_ETCH_NO_MASK;RULE_LITHO_LEVEL_SKIP;RULE_CMP_NO_DEP;RULE_PAD_OPEN_BEFORE_DEP;RULE_TEST_BEFORE_PASSIVATION
dev_anom_mosfet_seq_0919_invalid,0,RULE_SHIP_BEFORE_TEST,RULE_SHIP_BEFORE_TEST
dev_anom_ic_seq_0738_valid,1,,
dev_anom_igbt_seq_0995_valid,1,,
dev_anom_igbt_seq_0383_invalid,0,RULE_SHIP_BEFORE_TEST,RULE_SHIP_BEFORE_TEST
dev_anom_ic_seq_0230_valid,1,,
dev_anom_mosfet_seq_0433_valid,1,,
dev_anom_ic_seq_0652_valid,1,,
dev_anom_igbt_seq_0383_valid,1,,
dev_anom_mosfet_seq_0374_valid,1,,
dev_anom_igbt_seq_0066_valid,1,,
dev_anom_ic_seq_0693_valid,1,,
dev_anom_mosfet_seq_0566_valid,1,,
dev_anom_igbt_seq_0402_valid,1,,
dev_anom_mosfet_seq_0375_invalid,0,RULE_DEP_NO_CLEAN,RULE_DEP_NO_CLEAN;RULE_METAL_ETCH_NO_LITHO;RULE_ETCH_NO_MASK;RULE_LITHO_LEVEL_SKIP;RULE_IMPLANT_NO_MASK
dev_anom_mosfet_seq_0882_invalid,0,RULE_METAL_ETCH_NO_LITHO,RULE_METAL_ETCH_NO_LITHO;RULE_ETCH_NO_MASK;RULE_IMPLANT_NO_MASK
dev_anom_ic_seq_0081_valid,1,,
dev_anom_igbt_seq_0678_valid,1,,
dev_anom_mosfet_seq_0684_invalid,0,RULE_SHIP_BEFORE_TEST,RULE_SHIP_BEFORE_TEST
dev_anom_ic_seq_0869_invalid,0,RULE_SHIP_BEFORE_TEST,RULE_SHIP_BEFORE_TEST
dev_anom_igbt_seq_0683_valid,1,,
dev_anom_igbt_seq_0467_invalid,0,RULE_METAL_ETCH_NO_LITHO,RULE_METAL_ETCH_NO_LITHO;RULE_ETCH_NO_MASK;RULE_IMPLANT_NO_MASK
dev_anom_mosfet_seq_0857_invalid,0,RULE_SHIP_BEFORE_TEST,RULE_SHIP_BEFORE_TEST
dev_anom_igbt_seq_0347_invalid,0,RULE_SHIP_BEFORE_TEST,RULE_SHIP_BEFORE_TEST
dev_anom_ic_seq_0214_invalid,0,RULE_SHIP_BEFORE_TEST,RULE_SHIP_BEFORE_TEST
dev_anom_ic_seq_0632_valid,1,,
dev_anom_ic_seq_0205_valid,1,,
dev_anom_igbt_seq_0629_valid,1,,
dev_anom_mosfet_seq_0452_invalid,0,RULE_METAL_ETCH_NO_LITHO,RULE_METAL_ETCH_NO_LITHO;RULE_ETCH_NO_MASK;RULE_IMPLANT_NO_MASK
dev_anom_mosfet_seq_0181_invalid,0,RULE_SHIP_BEFORE_TEST,RULE_SHIP_BEFORE_TEST
dev_anom_mosfet_seq_0374_invalid,0,RULE_METAL_ETCH_NO_LITHO,RULE_METAL_ETCH_NO_LITHO;RULE_ETCH_NO_MASK;RULE_LITHO_LEVEL_SKIP;RULE_IMPLANT_NO_MASK;RULE_CMP_NO_DEP;RULE_PAD_OPEN_BEFORE_DEP;RULE_TEST_BEFORE_PASSIVATION;RULE_BACKSIDE_BEFORE_PASSIVATION
dev_anom_mosfet_seq_0250_invalid,0,RULE_METAL_ETCH_NO_LITHO,RULE_METAL_ETCH_NO_LITHO;RULE_ETCH_NO_MASK;RULE_IMPLANT_NO_MASK
dev_anom_igbt_seq_0250_valid,1,,
dev_anom_igbt_seq_0556_invalid,0,RULE_METAL_ETCH_NO_LITHO,RULE_METAL_ETCH_NO_LITHO;RULE_ETCH_NO_MASK;RULE_IMPLANT_NO_MASK
dev_anom_ic_seq_0881_valid,1,,
dev_anom_ic_seq_0960_invalid,0,RULE_SHIP_BEFORE_TEST,RULE_SHIP_BEFORE_TEST
dev_anom_mosfet_seq_0610_valid,1,,
dev_anom_ic_seq_0290_valid,1,,
dev_anom_ic_seq_0018_valid,1,,
dev_anom_ic_seq_0605_invalid,0,RULE_METAL_ETCH_NO_LITHO,RULE_METAL_ETCH_NO_LITHO;RULE_ETCH_NO_MASK
dev_anom_ic_seq_0670_invalid,0,RULE_METAL_ETCH_NO_LITHO,RULE_METAL_ETCH_NO_LITHO;RULE_ETCH_NO_MASK
dev_anom_mosfet_seq_0410_valid,1,,
dev_anom_igbt_seq_0241_invalid,0,RULE_SHIP_BEFORE_TEST,RULE_SHIP_BEFORE_TEST
dev_anom_ic_seq_0675_invalid,0,RULE_METAL_ETCH_NO_LITHO,RULE_METAL_ETCH_NO_LITHO;RULE_ETCH_NO_MASK;RULE_IMPLANT_NO_MASK
dev_anom_mosfet_seq_0349_valid,1,,
dev_anom_igbt_seq_0251_invalid,0,RULE_METAL_ETCH_NO_LITHO,RULE_METAL_ETCH_NO_LITHO;RULE_ETCH_NO_MASK;RULE_IMPLANT_NO_MASK
dev_anom_igbt_seq_0489_valid,1,,
dev_anom_igbt_seq_0488_valid,1,,
dev_anom_igbt_seq_0574_valid,1,,
dev_anom_mosfet_seq_0308_invalid,0,RULE_SHIP_BEFORE_TEST,RULE_SHIP_BEFORE_TEST
dev_anom_igbt_seq_0982_invalid,0,RULE_METAL_ETCH_NO_LITHO,RULE_METAL_ETCH_NO_LITHO;RULE_ETCH_NO_MASK;RULE_IMPLANT_NO_MASK
dev_anom_mosfet_seq_0830_valid,1,,
dev_anom_ic_seq_0288_invalid,0,RULE_METAL_ETCH_NO_LITHO,RULE_METAL_ETCH_NO_LITHO;RULE_ETCH_NO_MASK
dev_anom_igbt_seq_0394_invalid,0,RULE_METAL_ETCH_NO_LITHO,RULE_METAL_ETCH_NO_LITHO;RULE_ETCH_NO_MASK;RULE_IMPLANT_NO_MASK
dev_anom_igbt_seq_0220_invalid,0,RULE_METAL_ETCH_NO_LITHO,RULE_METAL_ETCH_NO_LITHO;RULE_ETCH_NO_MASK;RULE_IMPLANT_NO_MASK
dev_anom_ic_seq_0168_valid,1,,
dev_anom_igbt_seq_0720_valid,1,,
dev_anom_mosfet_seq_0858_valid,1,,
dev_anom_igbt_seq_0821_invalid,0,RULE_METAL_ETCH_NO_LITHO,RULE_METAL_ETCH_NO_LITHO;RULE_ETCH_NO_MASK;RULE_IMPLANT_NO_MASK
dev_anom_igbt_seq_0668_invalid,0,RULE_METAL_ETCH_NO_LITHO,RULE_METAL_ETCH_NO_LITHO;RULE_ETCH_NO_MASK;RULE_IMPLANT_NO_MASK
dev_anom_ic_seq_0970_invalid,0,RULE_METAL_ETCH_NO_LITHO,RULE_METAL_ETCH_NO_LITHO;RULE_ETCH_NO_MASK
dev_anom_mosfet_seq_0452_valid,1,,
dev_anom_mosfet_seq_0303_invalid,0,RULE_SHIP_BEFORE_TEST,RULE_SHIP_BEFORE_TEST
dev_anom_ic_seq_0531_valid,1,,
dev_anom_ic_seq_0237_valid,1,,
dev_anom_ic_seq_0147_invalid,0,RULE_METAL_ETCH_NO_LITHO,RULE_METAL_ETCH_NO_LITHO;RULE_ETCH_NO_MASK
dev_anom_ic_seq_0177_valid,1,,
dev_anom_ic_seq_0363_valid,1,,
dev_anom_mosfet_seq_0486_valid,1,,
dev_anom_igbt_seq_0099_invalid,0,RULE_DEP_NO_CLEAN,RULE_DEP_NO_CLEAN;RULE_METAL_ETCH_NO_LITHO;RULE_ETCH_NO_MASK;RULE_LITHO_LEVEL_SKIP;RULE_IMPLANT_NO_MASK;RULE_PAD_OPEN_BEFORE_DEP
dev_anom_mosfet_seq_0181_valid,1,,
dev_anom_igbt_seq_0377_invalid,0,RULE_METAL_ETCH_NO_LITHO,RULE_METAL_ETCH_NO_LITHO;RULE_ETCH_NO_MASK;RULE_IMPLANT_NO_MASK
dev_anom_igbt_seq_0111_invalid,0,RULE_METAL_ETCH_NO_LITHO,RULE_METAL_ETCH_NO_LITHO;RULE_ETCH_NO_MASK;RULE_IMPLANT_NO_MASK
dev_anom_igbt_seq_0583_valid,1,,
dev_anom_mosfet_seq_0547_invalid,0,RULE_METAL_ETCH_NO_LITHO,RULE_METAL_ETCH_NO_LITHO;RULE_ETCH_NO_MASK;RULE_IMPLANT_NO_MASK
dev_anom_mosfet_seq_0202_valid,1,,
dev_anom_mosfet_seq_0919_valid,1,,
dev_anom_ic_seq_0726_invalid,0,RULE_SHIP_BEFORE_TEST,RULE_SHIP_BEFORE_TEST
dev_anom_ic_seq_0365_valid,1,,
dev_anom_ic_seq_0670_valid,1,,
dev_anom_ic_seq_0616_valid,1,,
dev_anom_ic_seq_0275_valid,1,,
dev_anom_mosfet_seq_0842_valid,1,,
dev_anom_mosfet_seq_0073_valid,1,,
dev_anom_mosfet_seq_0091_invalid,0,RULE_METAL_ETCH_NO_LITHO,RULE_METAL_ETCH_NO_LITHO;RULE_ETCH_NO_MASK;RULE_IMPLANT_NO_MASK
dev_anom_igbt_seq_0271_valid,1,,
dev_anom_igbt_seq_0395_valid,1,,
dev_anom_ic_seq_0019_invalid,0,RULE_METAL_ETCH_NO_LITHO,RULE_METAL_ETCH_NO_LITHO;RULE_ETCH_NO_MASK;RULE_IMPLANT_NO_MASK
dev_anom_mosfet_seq_0216_invalid,0,RULE_DEP_NO_CLEAN,RULE_DEP_NO_CLEAN;RULE_METAL_ETCH_NO_LITHO;RULE_ETCH_NO_MASK;RULE_LITHO_LEVEL_SKIP;RULE_IMPLANT_NO_MASK;RULE_CMP_NO_DEP;RULE_PAD_OPEN_BEFORE_DEP;RULE_TEST_BEFORE_PASSIVATION;RULE_BACKSIDE_BEFORE_PASSIVATION
dev_anom_mosfet_seq_0372_valid,1,,
dev_anom_mosfet_seq_0364_valid,1,,
dev_anom_ic_seq_0174_invalid,0,RULE_METAL_ETCH_NO_LITHO,RULE_METAL_ETCH_NO_LITHO;RULE_ETCH_NO_MASK;RULE_LITHO_LEVEL_SKIP;RULE_IMPLANT_NO_MASK;RULE_CMP_NO_DEP;RULE_PAD_OPEN_BEFORE_DEP
dev_anom_mosfet_seq_0958_invalid,0,RULE_SHIP_BEFORE_TEST,RULE_SHIP_BEFORE_TEST
dev_anom_mosfet_seq_0970_invalid,0,RULE_METAL_ETCH_NO_LITHO,RULE_METAL_ETCH_NO_LITHO;RULE_ETCH_NO_MASK;RULE_IMPLANT_NO_MASK
dev_anom_ic_seq_0300_valid,1,,
dev_anom_ic_seq_0005_valid,1,,
dev_anom_igbt_seq_0502_valid,1,,
dev_anom_mosfet_seq_0067_invalid,0,RULE_SHIP_BEFORE_TEST,RULE_SHIP_BEFORE_TEST
dev_anom_igbt_seq_0583_invalid,0,RULE_DEP_NO_CLEAN,RULE_DEP_NO_CLEAN;RULE_METAL_ETCH_NO_LITHO;RULE_ETCH_NO_MASK;RULE_LITHO_LEVEL_SKIP;RULE_IMPLANT_NO_MASK;RULE_PAD_OPEN_BEFORE_DEP;RULE_TEST_BEFORE_PASSIVATION
dev_anom_mosfet_seq_0073_invalid,0,RULE_METAL_ETCH_NO_LITHO,RULE_METAL_ETCH_NO_LITHO;RULE_ETCH_NO_MASK;RULE_IMPLANT_NO_MASK
dev_anom_igbt_seq_0337_valid,1,,
dev_anom_igbt_seq_0804_valid,1,,
dev_anom_igbt_seq_0241_valid,1,,
dev_anom_igbt_seq_0069_invalid,0,RULE_METAL_ETCH_NO_LITHO,RULE_METAL_ETCH_NO_LITHO;RULE_ETCH_NO_MASK;RULE_IMPLANT_NO_MASK
dev_anom_ic_seq_0410_invalid,0,RULE_ETCH_NO_MASK,RULE_ETCH_NO_MASK;RULE_LITHO_LEVEL_SKIP;RULE_IMPLANT_NO_MASK;RULE_CMP_NO_DEP
dev_anom_igbt_seq_0764_invalid,0,RULE_METAL_ETCH_NO_LITHO,RULE_METAL_ETCH_NO_LITHO;RULE_ETCH_NO_MASK;RULE_IMPLANT_NO_MASK
dev_anom_igbt_seq_0566_invalid,0,RULE_METAL_ETCH_NO_LITHO,RULE_METAL_ETCH_NO_LITHO;RULE_ETCH_NO_MASK;RULE_IMPLANT_NO_MASK
dev_anom_igbt_seq_0191_valid,1,,
dev_anom_igbt_seq_0337_invalid,0,RULE_METAL_ETCH_NO_LITHO,RULE_METAL_ETCH_NO_LITHO;RULE_ETCH_NO_MASK;RULE_IMPLANT_NO_MASK
dev_anom_mosfet_seq_0527_valid,1,,
dev_anom_ic_seq_0028_valid,1,,
dev_anom_ic_seq_0473_invalid,0,RULE_SHIP_BEFORE_TEST,RULE_SHIP_BEFORE_TEST
dev_anom_ic_seq_0486_invalid,0,RULE_SHIP_BEFORE_TEST,RULE_SHIP_BEFORE_TEST
dev_anom_ic_seq_0411_invalid,0,RULE_METAL_ETCH_NO_LITHO,RULE_METAL_ETCH_NO_LITHO;RULE_ETCH_NO_MASK;RULE_LITHO_LEVEL_SKIP;RULE_CMP_NO_DEP
dev_anom_mosfet_seq_0830_invalid,0,RULE_METAL_ETCH_NO_LITHO,RULE_METAL_ETCH_NO_LITHO;RULE_ETCH_NO_MASK;RULE_LITHO_LEVEL_SKIP;RULE_IMPLANT_NO_MASK;RULE_CMP_NO_DEP
dev_anom_mosfet_seq_0912_invalid,0,RULE_METAL_ETCH_NO_LITHO,RULE_METAL_ETCH_NO_LITHO;RULE_ETCH_NO_MASK;RULE_IMPLANT_NO_MASK
dev_anom_igbt_seq_0467_valid,1,,
dev_anom_igbt_seq_0764_valid,1,,
dev_anom_mosfet_seq_0842_invalid,0,RULE_DEP_NO_CLEAN,RULE_DEP_NO_CLEAN;RULE_METAL_ETCH_NO_LITHO;RULE_ETCH_NO_MASK;RULE_LITHO_LEVEL_SKIP;RULE_CMP_NO_DEP
dev_anom_mosfet_seq_0486_invalid,0,RULE_DEP_NO_CLEAN,RULE_DEP_NO_CLEAN;RULE_METAL_ETCH_NO_LITHO;RULE_ETCH_NO_MASK;RULE_LITHO_LEVEL_SKIP;RULE_IMPLANT_NO_MASK;RULE_PAD_OPEN_BEFORE_DEP;RULE_BACKSIDE_BEFORE_PASSIVATION
dev_anom_mosfet_seq_0287_invalid,0,RULE_METAL_ETCH_NO_LITHO,RULE_METAL_ETCH_NO_LITHO;RULE_ETCH_NO_MASK;RULE_IMPLANT_NO_MASK
dev_anom_mosfet_seq_0620_invalid,0,RULE_SHIP_BEFORE_TEST,RULE_SHIP_BEFORE_TEST
dev_anom_mosfet_seq_0442_valid,1,,
dev_anom_igbt_seq_0069_valid,1,,
dev_anom_mosfet_seq_0566_invalid,0,RULE_DEP_NO_CLEAN,RULE_DEP_NO_CLEAN;RULE_METAL_ETCH_NO_LITHO;RULE_ETCH_NO_MASK;RULE_LITHO_LEVEL_SKIP;RULE_IMPLANT_NO_MASK;RULE_CMP_NO_DEP
dev_anom_ic_seq_0300_invalid,0,RULE_SHIP_BEFORE_TEST,RULE_SHIP_BEFORE_TEST
dev_anom_ic_seq_0559_invalid,0,RULE_METAL_ETCH_NO_LITHO,RULE_METAL_ETCH_NO_LITHO;RULE_ETCH_NO_MASK;RULE_LITHO_LEVEL_SKIP;RULE_IMPLANT_NO_MASK;RULE_CMP_NO_DEP;RULE_PAD_OPEN_BEFORE_DEP;RULE_TEST_BEFORE_PASSIVATION
dev_anom_igbt_seq_0728_invalid,0,RULE_SHIP_BEFORE_TEST,RULE_SHIP_BEFORE_TEST
dev_anom_mosfet_seq_0526_invalid,0,RULE_DEP_NO_CLEAN,RULE_DEP_NO_CLEAN;RULE_METAL_ETCH_NO_LITHO;RULE_ETCH_NO_MASK;RULE_LITHO_LEVEL_SKIP;RULE_IMPLANT_NO_MASK;RULE_CMP_NO_DEP;RULE_PAD_OPEN_BEFORE_DEP;RULE_TEST_BEFORE_PASSIVATION;RULE_BACKSIDE_BEFORE_PASSIVATION
dev_anom_igbt_seq_0721_invalid,0,RULE_METAL_ETCH_NO_LITHO,RULE_METAL_ETCH_NO_LITHO;RULE_ETCH_NO_MASK;RULE_IMPLANT_NO_MASK
dev_anom_mosfet_seq_0372_invalid,0,RULE_METAL_ETCH_NO_LITHO,RULE_METAL_ETCH_NO_LITHO;RULE_ETCH_NO_MASK;RULE_IMPLANT_NO_MASK
dev_anom_mosfet_seq_0244_invalid,0,RULE_METAL_ETCH_NO_LITHO,RULE_METAL_ETCH_NO_LITHO;RULE_ETCH_NO_MASK;RULE_IMPLANT_NO_MASK
dev_anom_ic_seq_0699_invalid,0,RULE_METAL_ETCH_NO_LITHO,RULE_METAL_ETCH_NO_LITHO;RULE_ETCH_NO_MASK
dev_anom_igbt_seq_0505_valid,1,,
dev_anom_ic_seq_0716_valid,1,,
dev_anom_mosfet_seq_0053_valid,1,,
dev_anom_ic_seq_0820_valid,1,,
dev_anom_mosfet_seq_0458_valid,1,,
dev_anom_igbt_seq_0720_invalid,0,RULE_SHIP_BEFORE_TEST,RULE_SHIP_BEFORE_TEST
dev_anom_ic_seq_0637_valid,1,,
dev_anom_mosfet_seq_0475_invalid,0,RULE_METAL_ETCH_NO_LITHO,RULE_METAL_ETCH_NO_LITHO;RULE_ETCH_NO_MASK;RULE_IMPLANT_NO_MASK
dev_anom_mosfet_seq_0216_valid,1,,
dev_anom_igbt_seq_0394_valid,1,,
dev_anom_igbt_seq_0032_valid,1,,
dev_anom_mosfet_seq_0087_invalid,0,RULE_METAL_ETCH_NO_LITHO,RULE_METAL_ETCH_NO_LITHO;RULE_ETCH_NO_MASK;RULE_IMPLANT_NO_MASK
dev_anom_ic_seq_0135_valid,1,,
dev_anom_igbt_seq_0838_invalid,0,RULE_METAL_ETCH_NO_LITHO,RULE_METAL_ETCH_NO_LITHO;RULE_ETCH_NO_MASK;RULE_IMPLANT_NO_MASK
dev_anom_ic_seq_0275_invalid,0,RULE_SHIP_BEFORE_TEST,RULE_SHIP_BEFORE_TEST
dev_anom_igbt_seq_0292_valid,1,,
dev_anom_mosfet_seq_0989_invalid,0,RULE_SHIP_BEFORE_TEST,RULE_SHIP_BEFORE_TEST
dev_anom_ic_seq_0930_invalid,0,RULE_METAL_ETCH_NO_LITHO,RULE_METAL_ETCH_NO_LITHO;RULE_ETCH_NO_MASK;RULE_IMPLANT_NO_MASK
dev_anom_ic_seq_0046_invalid,0,RULE_SHIP_BEFORE_TEST,RULE_SHIP_BEFORE_TEST
dev_anom_mosfet_seq_0383_invalid,0,RULE_SHIP_BEFORE_TEST,RULE_SHIP_BEFORE_TEST
dev_anom_mosfet_seq_0311_valid,1,,
dev_anom_igbt_seq_0186_invalid,0,RULE_SHIP_BEFORE_TEST,RULE_SHIP_BEFORE_TEST
dev_anom_mosfet_seq_0053_invalid,0,RULE_ETCH_NO_MASK,RULE_ETCH_NO_MASK;RULE_LITHO_LEVEL_SKIP;RULE_IMPLANT_NO_MASK;RULE_CMP_NO_DEP
dev_anom_igbt_seq_0148_invalid,0,RULE_METAL_ETCH_NO_LITHO,RULE_METAL_ETCH_NO_LITHO;RULE_ETCH_NO_MASK;RULE_IMPLANT_NO_MASK
dev_anom_igbt_seq_0071_valid,1,,
dev_anom_mosfet_seq_0461_invalid,0,RULE_SHIP_BEFORE_TEST,RULE_SHIP_BEFORE_TEST
dev_anom_mosfet_seq_0963_valid,1,,
dev_anom_mosfet_seq_0086_valid,1,,
dev_anom_igbt_seq_0371_invalid,0,RULE_SHIP_BEFORE_TEST,RULE_SHIP_BEFORE_TEST
dev_anom_ic_seq_0288_valid,1,,
dev_anom_mosfet_seq_0684_valid,1,,
dev_anom_ic_seq_0956_invalid,0,RULE_METAL_ETCH_NO_LITHO,RULE_METAL_ETCH_NO_LITHO;RULE_ETCH_NO_MASK;RULE_IMPLANT_NO_MASK
dev_anom_ic_seq_0040_valid,1,,
dev_anom_ic_seq_0726_valid,1,,
dev_anom_ic_seq_0353_invalid,0,RULE_SHIP_BEFORE_TEST,RULE_SHIP_BEFORE_TEST
dev_anom_mosfet_seq_0958_valid,1,,
dev_anom_igbt_seq_0251_valid,1,,
dev_anom_igbt_seq_0725_invalid,0,RULE_METAL_ETCH_NO_LITHO,RULE_METAL_ETCH_NO_LITHO;RULE_ETCH_NO_MASK;RULE_IMPLANT_NO_MASK
dev_anom_ic_seq_0744_invalid,0,RULE_METAL_ETCH_NO_LITHO,RULE_METAL_ETCH_NO_LITHO;RULE_ETCH_NO_MASK;RULE_IMPLANT_NO_MASK
dev_anom_mosfet_seq_0311_invalid,0,RULE_DEP_NO_CLEAN,RULE_DEP_NO_CLEAN;RULE_METAL_ETCH_NO_LITHO;RULE_ETCH_NO_MASK;RULE_LITHO_LEVEL_SKIP;RULE_IMPLANT_NO_MASK;RULE_CMP_NO_DEP;RULE_PAD_OPEN_BEFORE_DEP;RULE_TEST_BEFORE_PASSIVATION;RULE_BACKSIDE_BEFORE_PASSIVATION
dev_anom_ic_seq_0473_valid,1,,
dev_anom_igbt_seq_0662_valid,1,,
dev_anom_mosfet_seq_0448_invalid,0,RULE_METAL_ETCH_NO_LITHO,RULE_METAL_ETCH_NO_LITHO;RULE_ETCH_NO_MASK;RULE_IMPLANT_NO_MASK
dev_anom_igbt_seq_0020_valid,1,,
dev_anom_igbt_seq_0246_invalid,0,RULE_METAL_ETCH_NO_LITHO,RULE_METAL_ETCH_NO_LITHO;RULE_ETCH_NO_MASK;RULE_IMPLANT_NO_MASK
dev_anom_ic_seq_0147_valid,1,,
dev_anom_igbt_seq_0512_invalid,0,RULE_DEP_NO_CLEAN,RULE_DEP_NO_CLEAN;RULE_METAL_ETCH_NO_LITHO;RULE_ETCH_NO_MASK;RULE_LITHO_LEVEL_SKIP;RULE_IMPLANT_NO_MASK;RULE_CMP_NO_DEP;RULE_PAD_OPEN_BEFORE_DEP;RULE_TEST_BEFORE_PASSIVATION
dev_anom_ic_seq_0111_invalid,0,RULE_METAL_ETCH_NO_LITHO,RULE_METAL_ETCH_NO_LITHO;RULE_ETCH_NO_MASK
dev_anom_ic_seq_0632_invalid,0,RULE_SHIP_BEFORE_TEST,RULE_SHIP_BEFORE_TEST
dev_anom_ic_seq_0570_invalid,0,RULE_SHIP_BEFORE_TEST,RULE_SHIP_BEFORE_TEST
dev_anom_ic_seq_0883_valid,1,,
dev_anom_mosfet_seq_0824_valid,1,,
dev_anom_ic_seq_0101_valid,1,,
dev_anom_ic_seq_0601_valid,1,,
dev_anom_igbt_seq_0071_invalid,0,RULE_DEP_NO_CLEAN,RULE_DEP_NO_CLEAN;RULE_METAL_ETCH_NO_LITHO;RULE_ETCH_NO_MASK;RULE_LITHO_LEVEL_SKIP;RULE_IMPLANT_NO_MASK;RULE_CMP_NO_DEP;RULE_PAD_OPEN_BEFORE_DEP;RULE_TEST_BEFORE_PASSIVATION;RULE_BACKSIDE_BEFORE_PASSIVATION
dev_anom_ic_seq_0746_invalid,0,RULE_METAL_ETCH_NO_LITHO,RULE_METAL_ETCH_NO_LITHO;RULE_ETCH_NO_MASK;RULE_IMPLANT_NO_MASK
dev_anom_ic_seq_0342_valid,1,,
dev_anom_ic_seq_0616_invalid,0,RULE_DEP_NO_CLEAN,RULE_DEP_NO_CLEAN;RULE_LITHO_LEVEL_SKIP;RULE_IMPLANT_NO_MASK;RULE_CMP_NO_DEP;RULE_PAD_OPEN_BEFORE_DEP
dev_anom_ic_seq_0900_invalid,0,RULE_DEP_NO_CLEAN,RULE_DEP_NO_CLEAN;RULE_METAL_ETCH_NO_LITHO;RULE_ETCH_NO_MASK;RULE_LITHO_LEVEL_SKIP;RULE_CMP_NO_DEP;RULE_PAD_OPEN_BEFORE_DEP
dev_anom_mosfet_seq_0067_valid,1,,
dev_anom_ic_seq_0961_invalid,0,RULE_SHIP_BEFORE_TEST,RULE_SHIP_BEFORE_TEST
dev_anom_mosfet_seq_0517_invalid,0,RULE_SHIP_BEFORE_TEST,RULE_SHIP_BEFORE_TEST
dev_anom_mosfet_seq_0923_valid,1,,
dev_anom_mosfet_seq_0796_invalid,0,RULE_METAL_ETCH_NO_LITHO,RULE_METAL_ETCH_NO_LITHO;RULE_ETCH_NO_MASK;RULE_IMPLANT_NO_MASK
dev_anom_igbt_seq_1000_invalid,0,RULE_DEP_NO_CLEAN,RULE_DEP_NO_CLEAN;RULE_ETCH_NO_MASK;RULE_LITHO_LEVEL_SKIP;RULE_IMPLANT_NO_MASK;RULE_CMP_NO_DEP;RULE_PAD_OPEN_BEFORE_DEP;RULE_TEST_BEFORE_PASSIVATION
dev_anom_ic_seq_0365_invalid,0,RULE_DEP_NO_CLEAN,RULE_DEP_NO_CLEAN;RULE_METAL_ETCH_NO_LITHO;RULE_ETCH_NO_MASK;RULE_LITHO_LEVEL_SKIP;RULE_IMPLANT_NO_MASK;RULE_CMP_NO_DEP;RULE_PAD_OPEN_BEFORE_DEP;RULE_TEST_BEFORE_PASSIVATION
dev_anom_mosfet_seq_0300_valid,1,,
dev_anom_ic_seq_0237_invalid,0,RULE_METAL_ETCH_NO_LITHO,RULE_METAL_ETCH_NO_LITHO;RULE_ETCH_NO_MASK;RULE_IMPLANT_NO_MASK
dev_anom_ic_seq_0601_invalid,0,RULE_SHIP_BEFORE_TEST,RULE_SHIP_BEFORE_TEST
dev_anom_igbt_seq_0562_valid,1,,
dev_anom_ic_seq_0760_valid,1,,
dev_anom_mosfet_seq_0451_valid,1,,
dev_anom_mosfet_seq_0107_invalid,0,RULE_SHIP_BEFORE_TEST,RULE_SHIP_BEFORE_TEST
dev_anom_igbt_seq_0419_valid,1,,
dev_anom_mosfet_seq_0554_valid,1,,
dev_anom_igbt_seq_0677_valid,1,,
dev_anom_mosfet_seq_0358_valid,1,,
dev_anom_mosfet_seq_0917_valid,1,,
dev_anom_igbt_seq_0202_valid,1,,
dev_anom_igbt_seq_0469_valid,1,,
dev_anom_mosfet_seq_0192_valid,1,,
dev_anom_igbt_seq_0516_valid,1,,
dev_anom_igbt_seq_0366_valid,1,,
dev_anom_ic_seq_0769_valid,1,,
dev_anom_ic_seq_0080_invalid,0,RULE_METAL_ETCH_NO_LITHO,RULE_METAL_ETCH_NO_LITHO;RULE_ETCH_NO_MASK;RULE_LITHO_LEVEL_SKIP;RULE_CMP_NO_DEP;RULE_PAD_OPEN_BEFORE_DEP;RULE_TEST_BEFORE_PASSIVATION
dev_anom_mosfet_seq_0035_invalid,0,RULE_SHIP_BEFORE_TEST,RULE_SHIP_BEFORE_TEST
dev_anom_ic_seq_0769_invalid,0,RULE_METAL_ETCH_NO_LITHO,RULE_METAL_ETCH_NO_LITHO;RULE_ETCH_NO_MASK;RULE_IMPLANT_NO_MASK
dev_anom_igbt_seq_0723_valid,1,,
dev_anom_mosfet_seq_0820_invalid,0,RULE_ETCH_NO_MASK,RULE_ETCH_NO_MASK;RULE_LITHO_LEVEL_SKIP;RULE_IMPLANT_NO_MASK;RULE_CMP_NO_DEP;RULE_PAD_OPEN_BEFORE_DEP
dev_anom_ic_seq_0363_invalid,0,RULE_DEP_NO_CLEAN,RULE_DEP_NO_CLEAN;RULE_METAL_ETCH_NO_LITHO;RULE_ETCH_NO_MASK;RULE_LITHO_LEVEL_SKIP;RULE_IMPLANT_NO_MASK;RULE_CMP_NO_DEP;RULE_PAD_OPEN_BEFORE_DEP;RULE_TEST_BEFORE_PASSIVATION
dev_anom_ic_seq_0604_valid,1,,
dev_anom_igbt_seq_0555_valid,1,,
dev_anom_mosfet_seq_0353_valid,1,,
dev_anom_igbt_seq_0862_invalid,0,RULE_METAL_ETCH_NO_LITHO,RULE_METAL_ETCH_NO_LITHO;RULE_ETCH_NO_MASK;RULE_IMPLANT_NO_MASK
dev_anom_mosfet_seq_0448_valid,1,,
dev_anom_ic_seq_0314_valid,1,,
dev_anom_mosfet_seq_0598_valid,1,,
dev_anom_ic_seq_0738_invalid,0,RULE_SHIP_BEFORE_TEST,RULE_SHIP_BEFORE_TEST
dev_anom_igbt_seq_0516_invalid,0,RULE_SHIP_BEFORE_TEST,RULE_SHIP_BEFORE_TEST
dev_anom_mosfet_seq_0461_valid,1,,
dev_anom_mosfet_seq_0517_valid,1,,
dev_anom_ic_seq_0353_valid,1,,
dev_anom_ic_seq_0961_valid,1,,
dev_anom_ic_seq_0174_valid,1,,
dev_anom_igbt_seq_0512_valid,1,,
dev_anom_igbt_seq_0475_invalid,0,RULE_SHIP_BEFORE_TEST,RULE_SHIP_BEFORE_TEST
dev_anom_igbt_seq_0867_valid,1,,
dev_anom_ic_seq_0360_valid,1,,
dev_anom_ic_seq_0719_invalid,0,RULE_SHIP_BEFORE_TEST,RULE_SHIP_BEFORE_TEST
dev_anom_igbt_seq_0099_valid,1,,
dev_anom_ic_seq_0647_invalid,0,RULE_METAL_ETCH_NO_LITHO,RULE_METAL_ETCH_NO_LITHO;RULE_ETCH_NO_MASK;RULE_LITHO_LEVEL_SKIP;RULE_PAD_OPEN_BEFORE_DEP;RULE_TEST_BEFORE_PASSIVATION
dev_anom_mosfet_seq_0526_valid,1,,
dev_anom_igbt_seq_0892_valid,1,,
dev_anom_igbt_seq_0223_invalid,0,RULE_DEP_NO_CLEAN,RULE_DEP_NO_CLEAN;RULE_METAL_ETCH_NO_LITHO;RULE_ETCH_NO_MASK;RULE_LITHO_LEVEL_SKIP;RULE_IMPLANT_NO_MASK;RULE_CMP_NO_DEP;RULE_PAD_OPEN_BEFORE_DEP;RULE_TEST_BEFORE_PASSIVATION;RULE_BACKSIDE_BEFORE_PASSIVATION
dev_anom_mosfet_seq_0912_valid,1,,
dev_anom_igbt_seq_0892_invalid,0,RULE_METAL_ETCH_NO_LITHO,RULE_METAL_ETCH_NO_LITHO;RULE_ETCH_NO_MASK;RULE_IMPLANT_NO_MASK
dev_anom_mosfet_seq_0287_valid,1,,
dev_anom_igbt_seq_0743_invalid,0,RULE_SHIP_BEFORE_TEST,RULE_SHIP_BEFORE_TEST
dev_anom_ic_seq_0760_invalid,0,RULE_METAL_ETCH_NO_LITHO,RULE_METAL_ETCH_NO_LITHO;RULE_ETCH_NO_MASK;RULE_IMPLANT_NO_MASK
dev_anom_ic_seq_0851_valid,1,,
dev_anom_ic_seq_0559_valid,1,,
dev_anom_mosfet_seq_1000_invalid,0,RULE_METAL_ETCH_NO_LITHO,RULE_METAL_ETCH_NO_LITHO;RULE_ETCH_NO_MASK;RULE_IMPLANT_NO_MASK
dev_anom_mosfet_seq_0469_valid,1,,
dev_anom_mosfet_seq_0375_valid,1,,
dev_anom_ic_seq_0420_valid,1,,
dev_anom_igbt_seq_0629_invalid,0,RULE_DEP_NO_CLEAN,RULE_DEP_NO_CLEAN;RULE_METAL_ETCH_NO_LITHO;RULE_ETCH_NO_MASK;RULE_LITHO_LEVEL_SKIP;RULE_IMPLANT_NO_MASK;RULE_CMP_NO_DEP;RULE_PAD_OPEN_BEFORE_DEP;RULE_BACKSIDE_BEFORE_PASSIVATION
dev_anom_mosfet_seq_0250_valid,1,,
dev_anom_igbt_seq_0728_valid,1,,
dev_anom_mosfet_seq_0459_valid,1,,
dev_anom_igbt_seq_0743_valid,1,,
dev_anom_mosfet_seq_0893_invalid,0,RULE_METAL_ETCH_NO_LITHO,RULE_METAL_ETCH_NO_LITHO;RULE_ETCH_NO_MASK;RULE_IMPLANT_NO_MASK
dev_anom_mosfet_seq_0021_valid,1,,
dev_anom_igbt_seq_0371_valid,1,,
dev_anom_ic_seq_0526_invalid,0,RULE_METAL_ETCH_NO_LITHO,RULE_METAL_ETCH_NO_LITHO;RULE_ETCH_NO_MASK
dev_anom_igbt_seq_0678_invalid,0,RULE_SHIP_BEFORE_TEST,RULE_SHIP_BEFORE_TEST
dev_anom_igbt_seq_0816_invalid,0,RULE_DEP_NO_CLEAN,RULE_DEP_NO_CLEAN;RULE_METAL_ETCH_NO_LITHO;RULE_ETCH_NO_MASK;RULE_LITHO_LEVEL_SKIP;RULE_IMPLANT_NO_MASK;RULE_CMP_NO_DEP;RULE_TEST_BEFORE_PASSIVATION;RULE_BACKSIDE_BEFORE_PASSIVATION
dev_anom_ic_seq_0884_valid,1,,
dev_anom_ic_seq_0956_valid,1,,
dev_anom_mosfet_seq_0244_valid,1,,
dev_anom_mosfet_seq_0410_invalid,0,RULE_METAL_ETCH_NO_LITHO,RULE_METAL_ETCH_NO_LITHO;RULE_ETCH_NO_MASK;RULE_IMPLANT_NO_MASK
dev_anom_mosfet_seq_0726_invalid,0,RULE_DEP_NO_CLEAN,RULE_DEP_NO_CLEAN;RULE_METAL_ETCH_NO_LITHO;RULE_ETCH_NO_MASK;RULE_LITHO_LEVEL_SKIP;RULE_IMPLANT_NO_MASK;RULE_CMP_NO_DEP;RULE_PAD_OPEN_BEFORE_DEP;RULE_TEST_BEFORE_PASSIVATION;RULE_BACKSIDE_BEFORE_PASSIVATION
dev_anom_mosfet_seq_0426_invalid,0,RULE_SHIP_BEFORE_TEST,RULE_SHIP_BEFORE_TEST
dev_anom_ic_seq_0360_invalid,0,RULE_METAL_ETCH_NO_LITHO,RULE_METAL_ETCH_NO_LITHO;RULE_ETCH_NO_MASK;RULE_IMPLANT_NO_MASK
dev_anom_igbt_seq_0982_valid,1,,
dev_anom_mosfet_seq_0458_invalid,0,RULE_METAL_ETCH_NO_LITHO,RULE_METAL_ETCH_NO_LITHO;RULE_ETCH_NO_MASK;RULE_IMPLANT_NO_MASK
dev_anom_ic_seq_0013_invalid,0,RULE_SHIP_BEFORE_TEST,RULE_SHIP_BEFORE_TEST
dev_anom_mosfet_seq_0442_invalid,0,RULE_METAL_ETCH_NO_LITHO,RULE_METAL_ETCH_NO_LITHO;RULE_ETCH_NO_MASK;RULE_IMPLANT_NO_MASK
dev_anom_mosfet_seq_0477_valid,1,,
dev_anom_mosfet_seq_0428_valid,1,,
dev_anom_ic_seq_0135_invalid,0,RULE_METAL_ETCH_NO_LITHO,RULE_METAL_ETCH_NO_LITHO;RULE_ETCH_NO_MASK
dev_anom_mosfet_seq_0391_invalid,0,RULE_METAL_ETCH_NO_LITHO,RULE_METAL_ETCH_NO_LITHO;RULE_ETCH_NO_MASK;RULE_IMPLANT_NO_MASK
dev_anom_ic_seq_0716_invalid,0,RULE_ETCH_NO_MASK,RULE_ETCH_NO_MASK;RULE_LITHO_LEVEL_SKIP;RULE_CMP_NO_DEP;RULE_PAD_OPEN_BEFORE_DEP
dev_anom_mosfet_seq_0938_invalid,0,RULE_METAL_ETCH_NO_LITHO,RULE_METAL_ETCH_NO_LITHO;RULE_ETCH_NO_MASK;RULE_IMPLANT_NO_MASK
dev_anom_igbt_seq_0723_invalid,0,RULE_DEP_NO_CLEAN,RULE_DEP_NO_CLEAN;RULE_METAL_ETCH_NO_LITHO;RULE_ETCH_NO_MASK;RULE_LITHO_LEVEL_SKIP;RULE_IMPLANT_NO_MASK;RULE_PAD_OPEN_BEFORE_DEP;RULE_TEST_BEFORE_PASSIVATION;RULE_BACKSIDE_BEFORE_PASSIVATION
dev_anom_mosfet_seq_0796_valid,1,,
dev_anom_ic_seq_0960_valid,1,,
dev_anom_igbt_seq_0488_invalid,0,RULE_METAL_ETCH_NO_LITHO,RULE_METAL_ETCH_NO_LITHO;RULE_ETCH_NO_MASK;RULE_LITHO_LEVEL_SKIP;RULE_IMPLANT_NO_MASK;RULE_PAD_OPEN_BEFORE_DEP;RULE_TEST_BEFORE_PASSIVATION
dev_anom_igbt_seq_0562_invalid,0,RULE_SHIP_BEFORE_TEST,RULE_SHIP_BEFORE_TEST
dev_anom_mosfet_seq_0686_invalid,0,RULE_METAL_ETCH_NO_LITHO,RULE_METAL_ETCH_NO_LITHO;RULE_ETCH_NO_MASK;RULE_LITHO_LEVEL_SKIP;RULE_IMPLANT_NO_MASK;RULE_CMP_NO_DEP;RULE_PAD_OPEN_BEFORE_DEP
dev_anom_igbt_seq_0036_valid,1,,
dev_anom_mosfet_seq_1000_valid,1,,
dev_anom_ic_seq_0927_invalid,0,RULE_METAL_ETCH_NO_LITHO,RULE_METAL_ETCH_NO_LITHO;RULE_ETCH_NO_MASK;RULE_LITHO_LEVEL_SKIP;RULE_CMP_NO_DEP;RULE_PAD_OPEN_BEFORE_DEP;RULE_TEST_BEFORE_PASSIVATION
dev_anom_mosfet_seq_0087_valid,1,,
dev_anom_ic_seq_0506_invalid,0,RULE_METAL_ETCH_NO_LITHO,RULE_METAL_ETCH_NO_LITHO;RULE_ETCH_NO_MASK
dev_anom_ic_seq_0202_valid,1,,
dev_anom_igbt_seq_0250_invalid,0,RULE_SHIP_BEFORE_TEST,RULE_SHIP_BEFORE_TEST
dev_anom_igbt_seq_0227_invalid,0,RULE_ETCH_NO_MASK,RULE_ETCH_NO_MASK;RULE_LITHO_LEVEL_SKIP;RULE_IMPLANT_NO_MASK;RULE_CMP_NO_DEP;RULE_PAD_OPEN_BEFORE_DEP
dev_anom_mosfet_seq_0075_valid,1,,
dev_anom_ic_seq_0851_invalid,0,RULE_METAL_ETCH_NO_LITHO,RULE_METAL_ETCH_NO_LITHO;RULE_ETCH_NO_MASK
dev_anom_ic_seq_0506_valid,1,,
dev_anom_ic_seq_0526_valid,1,,
dev_anom_ic_seq_0154_valid,1,,
dev_anom_igbt_seq_0668_valid,1,,
dev_anom_mosfet_seq_0050_valid,1,,
dev_anom_igbt_seq_0083_valid,1,,
dev_anom_ic_seq_0576_valid,1,,
dev_anom_igbt_seq_0655_valid,1,,
dev_anom_igbt_seq_0566_valid,1,,
dev_anom_ic_seq_0654_valid,1,,
dev_anom_igbt_seq_0146_valid,1,,
dev_anom_mosfet_seq_0672_valid,1,,
dev_anom_ic_seq_0107_valid,1,,
dev_anom_igbt_seq_0655_invalid,0,RULE_SHIP_BEFORE_TEST,RULE_SHIP_BEFORE_TEST
dev_anom_ic_seq_0111_valid,1,,
dev_anom_ic_seq_0568_valid,1,,
dev_anom_ic_seq_0420_invalid,0,RULE_METAL_ETCH_NO_LITHO,RULE_METAL_ETCH_NO_LITHO;RULE_ETCH_NO_MASK
dev_anom_mosfet_seq_0893_valid,1,,
dev_anom_igbt_seq_0347_valid,1,,
dev_anom_mosfet_seq_0857_valid,1,,
dev_anom_mosfet_seq_0202_invalid,0,RULE_SHIP_BEFORE_TEST,RULE_SHIP_BEFORE_TEST
dev_anom_igbt_seq_0782_invalid,0,RULE_DEP_NO_CLEAN,RULE_DEP_NO_CLEAN;RULE_METAL_ETCH_NO_LITHO;RULE_ETCH_NO_MASK;RULE_LITHO_LEVEL_SKIP;RULE_IMPLANT_NO_MASK;RULE_CMP_NO_DEP;RULE_PAD_OPEN_BEFORE_DEP;RULE_TEST_BEFORE_PASSIVATION
dev_anom_mosfet_seq_0440_invalid,0,RULE_METAL_ETCH_NO_LITHO,RULE_METAL_ETCH_NO_LITHO;RULE_ETCH_NO_MASK;RULE_IMPLANT_NO_MASK
dev_anom_igbt_seq_0928_valid,1,,
dev_anom_igbt_seq_0087_valid,1,,
dev_anom_igbt_seq_0083_invalid,0,RULE_METAL_ETCH_NO_LITHO,RULE_METAL_ETCH_NO_LITHO;RULE_ETCH_NO_MASK;RULE_IMPLANT_NO_MASK
dev_anom_ic_seq_0202_invalid,0,RULE_DEP_NO_CLEAN,RULE_DEP_NO_CLEAN;RULE_METAL_ETCH_NO_LITHO;RULE_ETCH_NO_MASK;RULE_LITHO_LEVEL_SKIP;RULE_CMP_NO_DEP;RULE_PAD_OPEN_BEFORE_DEP;RULE_TEST_BEFORE_PASSIVATION
dev_anom_mosfet_seq_0291_valid,1,,
dev_anom_igbt_seq_0576_invalid,0,RULE_SHIP_BEFORE_TEST,RULE_SHIP_BEFORE_TEST
dev_anom_igbt_seq_0911_valid,1,,
dev_anom_igbt_seq_0729_invalid,0,RULE_METAL_ETCH_NO_LITHO,RULE_METAL_ETCH_NO_LITHO;RULE_ETCH_NO_MASK;RULE_IMPLANT_NO_MASK
dev_anom_mosfet_seq_0686_valid,1,,
dev_anom_mosfet_seq_0383_valid,1,,
dev_anom_igbt_seq_0782_valid,1,,
dev_anom_igbt_seq_0115_invalid,0,RULE_SHIP_BEFORE_TEST,RULE_SHIP_BEFORE_TEST
dev_anom_ic_seq_0882_invalid,0,RULE_DEP_NO_CLEAN,RULE_DEP_NO_CLEAN;RULE_METAL_ETCH_NO_LITHO;RULE_ETCH_NO_MASK;RULE_LITHO_LEVEL_SKIP;RULE_IMPLANT_NO_MASK;RULE_PAD_OPEN_BEFORE_DEP;RULE_TEST_BEFORE_PASSIVATION
dev_anom_ic_seq_0570_valid,1,,
dev_anom_mosfet_seq_0292_invalid,0,RULE_SHIP_BEFORE_TEST,RULE_SHIP_BEFORE_TEST
dev_anom_igbt_seq_0186_valid,1,,
dev_anom_ic_seq_0522_valid,1,,
dev_anom_mosfet_seq_0440_valid,1,,
