EXAMPLE_ID,RANK_1,RANK_2,RANK_3,RANK_4,RANK_5
valid_0001,DEPOSIT METAL SEED,DEPOSIT TUNGSTEN SEED,DEPOSIT PASSIVATION LAYER,DEPOSIT BARRIER METAL,MEASURE SURFACE DEFECTS
valid_0002,CLEAN PAD OPENING,CLEAN AFTER VIA ETCH,CLEAN AFTER WINDOW ETCH,CLEAN AFTER METAL ETCH,BACKSIDE ETCH CLEAN
valid_0003,MEASURE VIA CD,DEPOSIT BARRIER METAL,CLEAN AFTER VIA ETCH,SWITCHING TEST,DRY WAFER BACKSIDE
valid_0004,PASSIVATION ETCH PAD OPENING,PASSIVATION ETCH,CLEAN PAD OPENING,METAL PATTERN INSPECTION,METAL ETCH
valid_0005,MEASURE VIA CD,DEPOSIT BARRIER METAL,CLEAN AFTER VIA ETCH,DRY WAFER BACKSIDE,INSPECT PATTERN LEVEL 1
valid_0006,PASSIVATION ETCH PAD OPENING,PASSIVATION ETCH,FRONTSIDE CLEAN FINAL,DEVELOP PAD WINDOW,BACKSIDE ANNEAL
valid_0007,MEASURE VIA CD,DEPOSIT BARRIER METAL,CLEAN AFTER VIA ETCH,SWITCHING TEST,OPEN PAD WINDOW LITHO
valid_0008,PASSIVATION ETCH,PASSIVATION ETCH PAD OPENING,METAL PATTERN INSPECTION,CLEAN PAD OPENING,STRIP RESIST
valid_0009,MEASURE VIA CD,DEPOSIT BARRIER METAL,CLEAN AFTER VIA ETCH,EXPOSE LITHO LEVEL 3,THERMAL OXIDATION
valid_0010,STRIP RESIST,STRIP PHOTORESIST,PASSIVATION ETCH,DENSIFY DIELECTRIC,FIELD OXIDE ETCH
valid_0011,MEASURE VIA CD,DEPOSIT BARRIER METAL,CLEAN AFTER VIA ETCH,SWITCHING TEST,OPEN PAD WINDOW LITHO
valid_0012,PASSIVATION ETCH PAD OPENING,PASSIVATION ETCH,METAL PATTERN INSPECTION,CLEAN PAD OPENING,VIA OPENING INSPECTION
valid_0013,MEASURE VIA CD,DEPOSIT BARRIER METAL,CLEAN AFTER VIA ETCH,SWITCHING TEST,THERMAL OXIDATION
valid_0014,STRIP RESIST,STRIP PHOTORESIST,PASSIVATION ETCH,DENSIFY DIELECTRIC,FIELD OXIDE ETCH
valid_0015,MEASURE VIA CD,DEPOSIT BARRIER METAL,CLEAN AFTER VIA ETCH,OPEN PAD WINDOW LITHO,PAD WINDOW LITHO
valid_0016,STRIP RESIST,STRIP PHOTORESIST,PASSIVATION ETCH PAD OPENING,BACKSIDE CLEAN,STRIP RESIST LEVEL 2
valid_0017,CLEAN AFTER VIA ETCH,CLEAN AFTER POLY ETCH,VIA ETCH THROUGH DIELECTRIC,CLEAN AFTER METAL ETCH,VIA INSPECTION
valid_0018,PASSIVATION ETCH,PASSIVATION ETCH PAD OPENING,CLEAN PAD OPENING,METAL PATTERN INSPECTION,MEASURE THICKNESS
valid_0019,DEPOSIT BARRIER METAL,MEASURE VIA CD,SWITCHING TEST,HARD BAKE,FINAL GEOMETRY CHECK
valid_0020,STRIP PHOTORESIST,STRIP RESIST,BACKSIDE CLEAN,MEASURE SPACER WIDTH,PASSIVATION ETCH PAD OPENING
valid_0021,CLEAN AFTER VIA ETCH,CLEAN AFTER POLY ETCH,VIA ETCH THROUGH DIELECTRIC,CLEAN AFTER ETCH,CLEAN AFTER METAL ETCH
valid_0022,DEVELOP PAD WINDOW,DEVELOP PHOTORESIST,POST EXPOSE BAKE,EXPOSE LITHO LEVEL 4,POLYSILICON ANNEAL
valid_0023,CLEAN AFTER VIA ETCH,CLEAN AFTER METAL ETCH,CLEAN AFTER POLY ETCH,VIA ETCH THROUGH DIELECTRIC,STRIP RESIST
valid_0024,PASSIVATION ETCH,PASSIVATION ETCH PAD OPENING,STRIP PHOTORESIST,DEVELOP PAD WINDOW,STRIP RESIST
valid_0025,CLEAN AFTER VIA ETCH,CLEAN AFTER POLY ETCH,CLEAN AFTER METAL ETCH,CLEAN PAD OPENING,ANNEAL OXIDE
valid_0026,DEVELOP PAD WINDOW,DEVELOP PHOTORESIST,OPEN PAD WINDOW LITHO,POST EXPOSE BAKE,MEASURE PASSIVATION THICKNESS
valid_0027,STRIP RESIST,STRIP PHOTORESIST,DIELECTRIC ETCH VIA,FRONTSIDE CLEAN,PRE ANNEAL CHECK
valid_0028,PAD WINDOW LITHO,OPEN PAD WINDOW LITHO,DEPOSIT BARRIER METAL,MEASURE SURFACE PLANARITY,DEVELOP PAD WINDOW
valid_0029,STRIP RESIST,STRIP PHOTORESIST,VIA ETCH THROUGH DIELECTRIC,DEVELOP PHOTORESIST,STRIP RESIST LEVEL 2
valid_0030,DEVELOP PHOTORESIST,DEVELOP PAD WINDOW,POST EXPOSE BAKE,OPEN PAD WINDOW LITHO,VIA ETCH THROUGH DIELECTRIC
valid_0031,MEASURE VIA CD,DEPOSIT BARRIER METAL,CLEAN AFTER VIA ETCH,EXPOSE LITHO LEVEL 3,DRY WAFER BACKSIDE
valid_0032,STRIP RESIST,STRIP PHOTORESIST,PASSIVATION ETCH,DENSIFY DIELECTRIC,FIELD OXIDE ETCH
valid_0033,FILL VIA METAL,PARAMETRIC TEST,DEPOSIT METAL SEED,DEPOSIT PASSIVATION LAYER,WET CLEAN RCA1
valid_0034,STRIP PHOTORESIST,STRIP RESIST,BACKSIDE CLEAN,MEASURE SPACER WIDTH,DENSIFY DIELECTRIC
valid_0035,DEPOSIT BARRIER METAL,MEASURE VIA CD,HARD BAKE,ANISOTROPIC ETCH SPACER,PAD WINDOW LITHO
valid_0036,CLEAN PAD OPENING,CLEAN AFTER METAL ETCH,BACKSIDE ETCH CLEAN,METAL ETCH,ETCH WET BACKSIDE
valid_0037,MEASURE VIA CD,DEPOSIT BARRIER METAL,CLEAN AFTER VIA ETCH,EXPOSE LITHO LEVEL 3,DRY WAFER BACKSIDE
valid_0038,STRIP PHOTORESIST,STRIP RESIST,PASSIVATION ETCH,DENSIFY DIELECTRIC,FIELD OXIDE ETCH
valid_0039,CMP VIA FILL,CMP METAL,FILL VIA METAL,DEVELOP PHOTORESIST,STRIP PHOTORESIST
valid_0040,MEASURE PAD OPENING,CLEAN PAD OPENING,MEASURE SHEET RESISTANCE,MEASURE SURFACE PARTICLES,SWITCHING TEST
valid_0041,MEASURE VIA CD,DEPOSIT BARRIER METAL,PAD WINDOW LITHO,OPEN PAD WINDOW LITHO,EXPOSE LITHO LEVEL 3
valid_0042,DEVELOP PHOTORESIST,DEVELOP PAD WINDOW,POST EXPOSE BAKE,OPEN PAD WINDOW LITHO,VIA ETCH THROUGH DIELECTRIC
valid_0043,MEASURE VIA CD,DEPOSIT BARRIER METAL,CLEAN AFTER VIA ETCH,EXPOSE LITHO LEVEL 3,SWITCHING TEST
valid_0044,PASSIVATION ETCH PAD OPENING,PASSIVATION ETCH,CLEAN PAD OPENING,METAL PATTERN INSPECTION,MEASURE THICKNESS
valid_0045,MEASURE VIA CD,DEPOSIT BARRIER METAL,CLEAN AFTER VIA ETCH,SWITCHING TEST,DRY WAFER BACKSIDE
valid_0046,PASSIVATION ETCH PAD OPENING,PASSIVATION ETCH,DEVELOP PAD WINDOW,BACKSIDE ANNEAL,FRONTSIDE CLEAN FINAL
valid_0047,DEPOSIT METAL SEED,DEPOSIT TUNGSTEN SEED,DEPOSIT BARRIER METAL,PRE ANNEAL CHECK,ALIGN MASK LEVEL 4
valid_0048,STRIP RESIST,STRIP PHOTORESIST,PASSIVATION ETCH,EXPOSE LITHO LEVEL 4,FIELD OXIDE ETCH
valid_0049,DEPOSIT BARRIER METAL,MEASURE VIA CD,MEASURE INITIAL GEOMETRY,SWITCHING TEST,BACKSIDE ANNEAL
valid_0050,PASSIVATION ETCH PAD OPENING,PASSIVATION ETCH,MEASURE GATE CD,METAL ETCH,IMPLANT N BUFFER
valid_0051,DEPOSIT BARRIER METAL,MEASURE VIA CD,SWITCHING TEST,HARD BAKE,IMPLANT N-TYPE
valid_0052,STRIP PHOTORESIST,STRIP RESIST,BACKSIDE CLEAN,MEASURE SPACER WIDTH,PASSIVATION ETCH PAD OPENING
valid_0053,CLEAN AFTER VIA ETCH,CLEAN AFTER POLY ETCH,CLEAN AFTER METAL ETCH,CLEAN AFTER ETCH,CLEAN PAD OPENING
valid_0054,PASSIVATION ETCH,PASSIVATION ETCH PAD OPENING,DEVELOP PAD WINDOW,SHIP LOT,MEASURE GATE CD
valid_0055,DEPOSIT METAL SEED,DEPOSIT TUNGSTEN SEED,DEPOSIT BARRIER METAL,MEASURE SURFACE DEFECTS,MEASURE OPENING CD
valid_0056,CLEAN PAD OPENING,PASSIVATION ETCH PAD OPENING,PASSIVATION ETCH,CLEAN AFTER METAL ETCH,ALIGN MASK LEVEL 6
valid_0057,STRIP RESIST,STRIP PHOTORESIST,DIELECTRIC ETCH VIA,FRONTSIDE CLEAN,PRE ANNEAL CHECK
valid_0058,STRIP PHOTORESIST,STRIP RESIST,BACKSIDE CLEAN,FINAL CD INSPECTION,CLEAN PAD OPENING
valid_0059,MEASURE VIA CD,DEPOSIT BARRIER METAL,CLEAN AFTER VIA ETCH,EXPOSE LITHO LEVEL 3,DRY WAFER BACKSIDE
valid_0060,PASSIVATION ETCH,PASSIVATION ETCH PAD OPENING,FRONTSIDE CLEAN FINAL,DEVELOP PAD WINDOW,BACKSIDE ANNEAL
valid_0061,DEPOSIT BARRIER METAL,MEASURE VIA CD,FINAL CD INSPECTION,OPEN PAD WINDOW LITHO,HARD BAKE
valid_0062,DEVELOP PHOTORESIST,DEVELOP PAD WINDOW,POST EXPOSE BAKE,PAD WINDOW LITHO,MEASURE GATE OXIDE THICKNESS
valid_0063,STRIP RESIST,STRIP PHOTORESIST,STRIP RESIST LEVEL 2,DENSIFY DIELECTRIC,DRY WAFER BACKSIDE
valid_0064,DEVELOP PAD WINDOW,DEVELOP PHOTORESIST,POST EXPOSE BAKE,PAD WINDOW LITHO,FIELD OXIDE ETCH
valid_0065,MEASURE VIA CD,DEPOSIT BARRIER METAL,CLEAN AFTER VIA ETCH,OPEN PAD WINDOW LITHO,PAD WINDOW LITHO
valid_0066,PASSIVATION ETCH,PASSIVATION ETCH PAD OPENING,CLEAN PAD OPENING,METAL PATTERN INSPECTION,EPITAXY ANNEAL
valid_0067,CLEAN AFTER VIA ETCH,CLEAN AFTER POLY ETCH,CLEAN PAD OPENING,CLEAN AFTER METAL ETCH,CLEAN AFTER FIELD ETCH
valid_0068,STRIP PHOTORESIST,STRIP RESIST,BACKSIDE CLEAN,MEASURE SPACER WIDTH,PASSIVATION ETCH PAD OPENING
valid_0069,CLEAN AFTER VIA ETCH,CLEAN AFTER FIELD ETCH,CLEAN AFTER METAL ETCH,CLEAN AFTER POLY ETCH,CLEAN PAD OPENING
valid_0070,PASSIVATION ETCH,PASSIVATION ETCH PAD OPENING,DEVELOP PAD WINDOW,DEPOSIT BACKSIDE PROTECTION,STRIP RESIST
valid_0071,CLEAN AFTER VIA ETCH,CLEAN AFTER POLY ETCH,CLEAN AFTER METAL ETCH,VIA ETCH THROUGH DIELECTRIC,CLEAN AFTER ETCH
valid_0072,PASSIVATION ETCH PAD OPENING,PASSIVATION ETCH,DEVELOP PAD WINDOW,MEASURE GATE CD,DEVELOP PHOTORESIST
valid_0073,MEASURE VIA CD,DEPOSIT BARRIER METAL,CLEAN AFTER VIA ETCH,THERMAL OXIDATION,SWITCHING TEST
valid_0074,STRIP PHOTORESIST,STRIP RESIST,BACKSIDE CLEAN,MEASURE SPACER WIDTH,PASSIVATION ETCH PAD OPENING
valid_0075,MEASURE VIA CD,DEPOSIT BARRIER METAL,EXPOSE LITHO LEVEL 3,DEPOSIT PASSIVATION,MEASURE JUNCTION PROFILE
valid_0076,PASSIVATION ETCH,PASSIVATION ETCH PAD OPENING,DEPOSIT POLYSILICON,DEVELOP PAD WINDOW,FRONTSIDE CLEAN FINAL
valid_0077,CLEAN AFTER VIA ETCH,CLEAN AFTER POLY ETCH,CLEAN AFTER FIELD ETCH,CLEAN AFTER METAL ETCH,CLEAN PAD OPENING
valid_0078,STRIP PHOTORESIST,STRIP RESIST,BACKSIDE CLEAN,PASSIVATION ETCH PAD OPENING,DENSIFY DIELECTRIC
valid_0079,MEASURE VIA CD,DEPOSIT BARRIER METAL,CLEAN AFTER VIA ETCH,SWITCHING TEST,DRY WAFER BACKSIDE
valid_0080,STRIP PHOTORESIST,STRIP RESIST,BACKSIDE CLEAN,MEASURE SPACER WIDTH,PASSIVATION ETCH PAD OPENING
valid_0081,DEPOSIT BARRIER METAL,MEASURE VIA CD,SWITCHING TEST,BACKSIDE ANNEAL,IMPLANT N-TYPE
valid_0082,STRIP RESIST,STRIP PHOTORESIST,PASSIVATION ETCH,DENSIFY DIELECTRIC,FIELD OXIDE ETCH
valid_0083,STRIP PHOTORESIST,STRIP RESIST,VIA ETCH THROUGH DIELECTRIC,EXPOSE LITHO LEVEL 4,PRE ANNEAL CHECK
valid_0084,PASSIVATION ETCH,PASSIVATION ETCH PAD OPENING,DEVELOP PAD WINDOW,MEASURE GATE CD,DEVELOP PHOTORESIST
valid_0085,MEASURE VIA CD,DEPOSIT BARRIER METAL,CLEAN AFTER VIA ETCH,EPITAXIAL DEPOSITION,EXPOSE LITHO LEVEL 3
valid_0086,CLEAN PAD OPENING,CLEAN AFTER VIA ETCH,BACKSIDE ETCH CLEAN,STRIP RESIST,DEPOSIT BACKSIDE PROTECTION
valid_0087,HARD BAKE,VIA ETCH THROUGH DIELECTRIC,VIA ETCH,DIELECTRIC ETCH VIA,OXIDE ETCH
valid_0088,OPEN PAD WINDOW LITHO,PAD WINDOW LITHO,DEPOSIT BARRIER METAL,OPEN PAD WINDOW,MEASURE SURFACE PLANARITY
valid_0089,CLEAN AFTER VIA ETCH,CLEAN AFTER POLY ETCH,CLEAN AFTER METAL ETCH,CLEAN AFTER ETCH,VIA ETCH THROUGH DIELECTRIC
valid_0090,STRIP RESIST,STRIP PHOTORESIST,PASSIVATION ETCH,MEASURE GATE OXIDE THICKNESS,EXPOSE LITHO LEVEL 4
valid_0091,MEASURE VIA CD,DEPOSIT BARRIER METAL,THERMAL OXIDATION,CLEAN AFTER VIA ETCH,DRY WAFER BACKSIDE
valid_0092,DEVELOP PAD WINDOW,DEVELOP PHOTORESIST,PAD WINDOW LITHO,POST EXPOSE BAKE,FIELD OXIDE ETCH
valid_0093,STRIP PHOTORESIST,STRIP RESIST,VIA ETCH THROUGH DIELECTRIC,BACKSIDE CLEAN,EXPOSE LITHO LEVEL 4
valid_0094,STRIP PHOTORESIST,STRIP RESIST,PASSIVATION ETCH,DEPOSIT PASSIVATION,ANNEAL METAL 1
valid_0095,MEASURE VIA CD,DEPOSIT BARRIER METAL,OPEN PAD WINDOW LITHO,CLEAN AFTER VIA ETCH,SWITCHING TEST
valid_0096,STRIP RESIST,STRIP PHOTORESIST,PASSIVATION ETCH PAD OPENING,BACKSIDE CLEAN,STRIP RESIST LEVEL 2
valid_0097,CLEAN AFTER VIA ETCH,CLEAN AFTER POLY ETCH,CLEAN PAD OPENING,CLEAN AFTER FIELD ETCH,VIA ETCH THROUGH DIELECTRIC
valid_0098,PASSIVATION ETCH,PASSIVATION ETCH PAD OPENING,FRONTSIDE CLEAN FINAL,DEVELOP PAD WINDOW,MEASURE PASSIVATION THICKNESS
valid_0099,FILL VIA METAL,DEPOSIT METAL SEED,DEPOSIT PASSIVATION LAYER,FINAL THICKNESS MEASURE,CMP METAL
valid_0100,CLEAN PAD OPENING,CLEAN AFTER VIA ETCH,FRONTSIDE CLEAN FINAL,ETCH WET BACKSIDE,CLEAN AFTER METAL ETCH
valid_0101,CLEAN AFTER VIA ETCH,CLEAN AFTER POLY ETCH,CLEAN AFTER METAL ETCH,CLEAN AFTER FIELD ETCH,BREAKDOWN VOLTAGE TEST
valid_0102,STRIP PHOTORESIST,STRIP RESIST,BACKSIDE CLEAN,FINAL CD INSPECTION,PASSIVATION ETCH PAD OPENING
valid_0103,DEPOSIT BARRIER METAL,MEASURE VIA CD,SWITCHING TEST,HARD BAKE,IMPLANT N-TYPE
valid_0104,PASSIVATION ETCH,PASSIVATION ETCH PAD OPENING,CLEAN PAD OPENING,METAL PATTERN INSPECTION,METAL ETCH
valid_0105,DEPOSIT BARRIER METAL,MEASURE VIA CD,SWITCHING TEST,HARD BAKE,IMPLANT SOURCE DRAIN
valid_0106,STRIP PHOTORESIST,STRIP RESIST,BACKSIDE CLEAN,MEASURE SPACER WIDTH,PASSIVATION ETCH PAD OPENING
valid_0107,DEPOSIT METAL SEED,DEPOSIT TUNGSTEN SEED,ALIGN MASK LEVEL 4,EPITAXY ANNEAL,PASSIVATION ETCH PAD OPENING
valid_0108,PASSIVATION ETCH PAD OPENING,PASSIVATION ETCH,FRONTSIDE CLEAN FINAL,DEVELOP PAD WINDOW,BACKSIDE ANNEAL
valid_0109,CLEAN AFTER VIA ETCH,CLEAN PAD OPENING,CLEAN AFTER POLY ETCH,MEASURE CONTACT RESISTANCE,DEPOSIT TOP METAL
valid_0110,DEVELOP PAD WINDOW,DEVELOP PHOTORESIST,POST EXPOSE BAKE,PAD WINDOW LITHO,FIELD OXIDE ETCH
valid_0111,CLEAN AFTER VIA ETCH,CLEAN AFTER POLY ETCH,CLEAN PAD OPENING,MEASURE CONTACT RESISTANCE,CLEAN AFTER FIELD ETCH
valid_0112,STRIP RESIST,STRIP PHOTORESIST,PASSIVATION ETCH,FIELD OXIDE ETCH,DENSIFY DIELECTRIC
valid_0113,MEASURE VIA CD,DEPOSIT BARRIER METAL,CLEAN AFTER VIA ETCH,DRY WAFER BACKSIDE,SWITCHING TEST
valid_0114,CLEAN PAD OPENING,PASSIVATION ETCH,CLEAN AFTER VIA ETCH,BACKSIDE ANNEAL,STRIP PHOTORESIST
valid_0115,MEASURE VIA CD,DEPOSIT BARRIER METAL,CLEAN AFTER VIA ETCH,OPEN PAD WINDOW LITHO,SWITCHING TEST
valid_0116,STRIP RESIST,STRIP PHOTORESIST,PASSIVATION ETCH,EXPOSE LITHO LEVEL 4,MEASURE GATE OXIDE THICKNESS
valid_0117,CLEAN AFTER VIA ETCH,CLEAN AFTER FIELD ETCH,CLEAN AFTER POLY ETCH,CLEAN AFTER METAL ETCH,BREAKDOWN VOLTAGE TEST
valid_0118,PASSIVATION ETCH,PASSIVATION ETCH PAD OPENING,DEVELOP PAD WINDOW,STRIP RESIST,STRIP PHOTORESIST
valid_0119,DEPOSIT BARRIER METAL,MEASURE VIA CD,SWITCHING TEST,HARD BAKE,IMPLANT N-TYPE
valid_0120,CLEAN PAD OPENING,STRIP RESIST,FRONTSIDE CLEAN FINAL,CLEAN AFTER VIA ETCH,PASSIVATION ETCH PAD OPENING
valid_0121,MEASURE VIA CD,DEPOSIT BARRIER METAL,EXPOSE LITHO LEVEL 3,CLEAN AFTER VIA ETCH,DEPOSIT BACKSIDE METAL
valid_0122,PASSIVATION ETCH PAD OPENING,PASSIVATION ETCH,DEVELOP PAD WINDOW,DEVELOP PHOTORESIST,SHIP LOT
valid_0123,FILL VIA METAL,DEPOSIT METAL SEED,FINAL THICKNESS MEASURE,VIA ETCH,DEPOSIT PASSIVATION LAYER
valid_0124,CLEAN PAD OPENING,PASSIVATION ETCH,BACKSIDE ETCH CLEAN,BACKSIDE ANNEAL,PASSIVATION ETCH PAD OPENING
valid_0125,MEASURE VIA CD,DEPOSIT BARRIER METAL,CLEAN AFTER VIA ETCH,EXPOSE LITHO LEVEL 3,SWITCHING TEST
valid_0126,STRIP PHOTORESIST,STRIP RESIST,BACKSIDE CLEAN,PASSIVATION ETCH PAD OPENING,MEASURE SPACER WIDTH
valid_0127,CLEAN AFTER VIA ETCH,CLEAN AFTER FIELD ETCH,CLEAN AFTER METAL ETCH,CLEAN AFTER POLY ETCH,BACKSIDE RINSE
valid_0128,STRIP PHOTORESIST,STRIP RESIST,BACKSIDE CLEAN,FINAL CD INSPECTION,PASSIVATION ETCH PAD OPENING
valid_0129,HARD BAKE,VIA ETCH THROUGH DIELECTRIC,VIA ETCH,DIELECTRIC ETCH VIA,VIA OPENING INSPECTION
valid_0130,DEVELOP PAD WINDOW,DEVELOP PHOTORESIST,POST EXPOSE BAKE,OPEN PAD WINDOW LITHO,DEPOSIT METAL SEED
valid_0131,DEPOSIT METAL SEED,DEPOSIT TUNGSTEN SEED,DEPOSIT BARRIER METAL,MEASURE SURFACE PLANARITY,METAL ETCH
valid_0132,CLEAN PAD OPENING,CLEAN AFTER METAL ETCH,CLEAN AFTER ETCH,THRESHOLD VOLTAGE TEST,CLEAN AFTER WINDOW ETCH
valid_0133,DEPOSIT METAL SEED,DEPOSIT TUNGSTEN SEED,DEPOSIT BARRIER METAL,MEASURE SURFACE DEFECTS,SOFT BAKE
valid_0134,CLEAN PAD OPENING,BACKSIDE ANNEAL,PASSIVATION ETCH,FRONTSIDE CLEAN FINAL,BACKSIDE ETCH CLEAN
valid_0135,DEPOSIT METAL SEED,DEPOSIT TUNGSTEN SEED,MEASURE SURFACE DEFECTS,DEPOSIT BARRIER METAL,DEVELOP PHOTORESIST
valid_0136,CLEAN PAD OPENING,CLEAN AFTER METAL ETCH,RECEIVE WAFER LOT,ETCH WET BACKSIDE,BACKSIDE ETCH CLEAN
valid_0137,MEASURE VIA CD,DEPOSIT BARRIER METAL,CLEAN AFTER VIA ETCH,EXPOSE LITHO LEVEL 3,INSPECT PATTERN LEVEL 1
valid_0138,PASSIVATION ETCH PAD OPENING,PASSIVATION ETCH,FRONTSIDE CLEAN FINAL,DEVELOP PAD WINDOW,BACKSIDE ANNEAL
valid_0139,CLEAN AFTER VIA ETCH,CLEAN AFTER POLY ETCH,CLEAN AFTER METAL ETCH,CLEAN AFTER ETCH,VIA ETCH THROUGH DIELECTRIC
valid_0140,STRIP RESIST,STRIP PHOTORESIST,PASSIVATION ETCH,MEASURE GATE OXIDE THICKNESS,EXPOSE LITHO LEVEL 4
valid_0141,DEPOSIT BARRIER METAL,MEASURE VIA CD,SWITCHING TEST,BACKSIDE ANNEAL,IMPLANT N-TYPE
valid_0142,STRIP RESIST,STRIP PHOTORESIST,PASSIVATION ETCH,FIELD OXIDE ETCH,EXPOSE LITHO LEVEL 4
valid_0143,DEPOSIT METAL SEED,DEPOSIT TUNGSTEN SEED,ALIGN MASK LEVEL 4,SOFT BAKE,METAL PATTERN INSPECTION
valid_0144,PASSIVATION ETCH,PASSIVATION ETCH PAD OPENING,CLEAN PAD OPENING,MEASURE THICKNESS,METAL ETCH
valid_0145,MEASURE VIA CD,DEPOSIT BARRIER METAL,CLEAN AFTER VIA ETCH,EXPOSE LITHO LEVEL 3,DRY WAFER BACKSIDE
valid_0146,PASSIVATION ETCH PAD OPENING,PASSIVATION ETCH,METAL PATTERN INSPECTION,CLEAN PAD OPENING,METAL ETCH
valid_0147,MEASURE VIA CD,DEPOSIT BARRIER METAL,CLEAN AFTER VIA ETCH,EXPOSE LITHO LEVEL 3,DRY WAFER BACKSIDE
valid_0148,STRIP RESIST,STRIP PHOTORESIST,PASSIVATION ETCH,DENSIFY DIELECTRIC,FIELD OXIDE ETCH
valid_0149,MEASURE VIA CD,DEPOSIT BARRIER METAL,CLEAN AFTER VIA ETCH,MEASURE JUNCTION PROFILE,DEPOSIT BACKSIDE METAL
valid_0150,STRIP PHOTORESIST,STRIP RESIST,BACKSIDE CLEAN,DENSIFY DIELECTRIC,CLEAN PAD OPENING
valid_0151,MEASURE VIA CD,DEPOSIT BARRIER METAL,EXPOSE LITHO LEVEL 3,OPEN PAD WINDOW LITHO,BACKSIDE ETCH CLEAN
valid_0152,DEVELOP PHOTORESIST,DEVELOP PAD WINDOW,POST EXPOSE BAKE,METAL PATTERN INSPECTION,OPEN PAD WINDOW LITHO
valid_0153,MEASURE VIA CD,DEPOSIT BARRIER METAL,CLEAN AFTER VIA ETCH,OPEN PAD WINDOW LITHO,PAD WINDOW LITHO
valid_0154,DEVELOP PAD WINDOW,DEVELOP PHOTORESIST,POST EXPOSE BAKE,EXPOSE LITHO LEVEL 4,POLYSILICON ANNEAL
valid_0155,CLEAN AFTER VIA ETCH,CLEAN AFTER POLY ETCH,CLEAN AFTER METAL ETCH,CLEAN PAD OPENING,ANNEAL OXIDE
valid_0156,STRIP PHOTORESIST,STRIP RESIST,BACKSIDE CLEAN,MEASURE SPACER WIDTH,PASSIVATION ETCH PAD OPENING
valid_0157,DEPOSIT BARRIER METAL,MEASURE VIA CD,FINAL CD INSPECTION,HARD BAKE,VIA ETCH
valid_0158,PASSIVATION ETCH PAD OPENING,PASSIVATION ETCH,DEVELOP PAD WINDOW,MEASURE GATE CD,DEVELOP PHOTORESIST
valid_0159,MEASURE VIA CD,DEPOSIT BARRIER METAL,CLEAN AFTER VIA ETCH,SWITCHING TEST,DRY WAFER BACKSIDE
valid_0160,STRIP RESIST,STRIP PHOTORESIST,PASSIVATION ETCH,DENSIFY DIELECTRIC,FIELD OXIDE ETCH
valid_0161,STRIP RESIST,STRIP PHOTORESIST,EXPOSE LITHO LEVEL 4,BACKSIDE CLEAN,VIA ETCH THROUGH DIELECTRIC
valid_0162,DEVELOP PAD WINDOW,DEVELOP PHOTORESIST,POST EXPOSE BAKE,MEASURE DIELECTRIC THICKNESS,OPEN PAD WINDOW LITHO
valid_0163,MEASURE VIA CD,DEPOSIT BARRIER METAL,CLEAN AFTER VIA ETCH,THERMAL OXIDATION,SWITCHING TEST
valid_0164,STRIP RESIST,STRIP PHOTORESIST,PASSIVATION ETCH,FIELD OXIDE ETCH,DENSIFY DIELECTRIC
valid_0165,MEASURE VIA CD,DEPOSIT BARRIER METAL,CLEAN AFTER VIA ETCH,OPEN PAD WINDOW LITHO,PAD WINDOW LITHO
valid_0166,STRIP RESIST,STRIP PHOTORESIST,PASSIVATION ETCH,EXPOSE LITHO LEVEL 4,FIELD OXIDE ETCH
valid_0167,DEPOSIT BARRIER METAL,MEASURE VIA CD,HARD BAKE,FINAL CD INSPECTION,VIA ETCH
valid_0168,CLEAN PAD OPENING,BACKSIDE ETCH CLEAN,STRIP RESIST,CLEAN AFTER WINDOW ETCH,LEAKAGE TEST
valid_0169,STRIP RESIST,STRIP PHOTORESIST,PASSIVATION ETCH PAD OPENING,DIELECTRIC ETCH VIA,CLEAN AFTER VIA ETCH
valid_0170,STRIP PHOTORESIST,STRIP RESIST,BACKSIDE CLEAN,MEASURE SPACER WIDTH,PASSIVATION ETCH PAD OPENING
valid_0171,DEPOSIT METAL SEED,DEPOSIT TUNGSTEN SEED,MEASURE SURFACE DEFECTS,EXPOSE LITHO LEVEL 5,ALIGN MASK LEVEL 4
valid_0172,STRIP PHOTORESIST,STRIP RESIST,BACKSIDE CLEAN,MEASURE SPACER WIDTH,DENSIFY DIELECTRIC
valid_0173,MEASURE VIA CD,DEPOSIT BARRIER METAL,CLEAN AFTER VIA ETCH,EXPOSE LITHO LEVEL 3,THERMAL OXIDATION
valid_0174,PASSIVATION ETCH PAD OPENING,PASSIVATION ETCH,CLEAN PAD OPENING,METAL ETCH,MEASURE THICKNESS
valid_0175,MEASURE VIA CD,DEPOSIT BARRIER METAL,MEASURE JUNCTION PROFILE,CLEAN AFTER VIA ETCH,DEPOSIT BACKSIDE METAL
valid_0176,STRIP PHOTORESIST,STRIP RESIST,FIELD OXIDE ETCH,PASSIVATION ETCH,DENSIFY DIELECTRIC
valid_0177,DEPOSIT METAL SEED,DEPOSIT TUNGSTEN SEED,MEASURE OPENING CD,METAL PATTERN INSPECTION,ALIGN MASK LEVEL 4
valid_0178,STRIP PHOTORESIST,STRIP RESIST,PASSIVATION ETCH,DENSIFY DIELECTRIC,FIELD OXIDE ETCH
valid_0179,FILL VIA METAL,STRIP RESIST,STRIP PHOTORESIST,MEASURE SPACER WIDTH,METAL ETCH
valid_0180,MEASURE PAD OPENING,CLEAN PAD OPENING,MEASURE SHEET RESISTANCE,PRE ANNEAL CHECK,MEASURE SURFACE PARTICLES
valid_0181,STRIP RESIST,STRIP PHOTORESIST,DIELECTRIC ETCH VIA,PASSIVATION ETCH PAD OPENING,DRY WAFER BACKSIDE
valid_0182,DEVELOP PHOTORESIST,DEVELOP PAD WINDOW,POST EXPOSE BAKE,PAD WINDOW LITHO,FIELD OXIDE ETCH
valid_0183,DEPOSIT BARRIER METAL,MEASURE VIA CD,SWITCHING TEST,HARD BAKE,IMPLANT N-TYPE
valid_0184,STRIP PHOTORESIST,STRIP RESIST,BACKSIDE CLEAN,PASSIVATION ETCH PAD OPENING,MEASURE SPACER WIDTH
valid_0185,DEPOSIT BARRIER METAL,MEASURE VIA CD,FINAL CD INSPECTION,HARD BAKE,BACKSIDE METALLIZATION PREP
valid_0186,STRIP PHOTORESIST,STRIP RESIST,PASSIVATION ETCH,DENSIFY DIELECTRIC,MEASURE METAL THICKNESS
valid_0187,STRIP RESIST,STRIP PHOTORESIST,DIELECTRIC ETCH VIA,FRONTSIDE CLEAN,EXPOSE LITHO LEVEL 5
valid_0188,STRIP RESIST,STRIP PHOTORESIST,PASSIVATION ETCH,HARD BAKE,IMPLANT N BUFFER
valid_0189,MEASURE VIA CD,DEPOSIT BARRIER METAL,CLEAN AFTER VIA ETCH,SWITCHING TEST,THERMAL OXIDATION
valid_0190,PASSIVATION ETCH PAD OPENING,PASSIVATION ETCH,FRONTSIDE CLEAN FINAL,BACKSIDE ANNEAL,DEVELOP PAD WINDOW
valid_0191,VIA ETCH THROUGH DIELECTRIC,DIELECTRIC ETCH VIA,VIA ETCH,VIA INSPECTION,CLEAN AFTER VIA ETCH
valid_0192,STRIP PHOTORESIST,STRIP RESIST,BACKSIDE CLEAN,PASSIVATION ETCH PAD OPENING,FINAL CD INSPECTION
valid_0193,CLEAN AFTER VIA ETCH,CLEAN AFTER FIELD ETCH,CLEAN AFTER POLY ETCH,CLEAN AFTER METAL ETCH,CLEAN PAD OPENING
valid_0194,PASSIVATION ETCH PAD OPENING,PASSIVATION ETCH,CLEAN PAD OPENING,MEASURE THICKNESS,P BODY WINDOW INSPECTION
valid_0195,MEASURE VIA CD,DEPOSIT BARRIER METAL,PAD WINDOW LITHO,EXPOSE LITHO LEVEL 3,OPEN PAD WINDOW LITHO
valid_0196,CLEAN PAD OPENING,BACKSIDE ETCH CLEAN,ETCH WET BACKSIDE,STRIP RESIST,DEPOSIT BACKSIDE PROTECTION
valid_0197,STRIP RESIST,STRIP PHOTORESIST,STRIP RESIST LEVEL 2,DENSIFY DIELECTRIC,DRY WAFER BACKSIDE
valid_0198,STRIP RESIST,STRIP PHOTORESIST,PASSIVATION ETCH,DENSIFY DIELECTRIC,FIELD OXIDE ETCH
valid_0199,MEASURE VIA CD,DEPOSIT BARRIER METAL,CLEAN AFTER VIA ETCH,EXPOSE LITHO LEVEL 3,SWITCHING TEST
valid_0200,STRIP PHOTORESIST,STRIP RESIST,BACKSIDE CLEAN,PASSIVATION ETCH PAD OPENING,MEASURE SPACER WIDTH
valid_0201,CMP INTERLAYER DIELECTRIC,CMP DIELECTRIC,MEASURE FILM THICKNESS,SPIN COAT PHOTORESIST,VIA OPENING INSPECTION
valid_0202,DEPOSIT PASSIVATION LAYER,DEPOSIT PASSIVATION,MEASURE LINE WIDTH,MEASURE BACKSIDE CONTACT,ANNEAL DIELECTRIC
valid_0203,SPIN COAT PHOTORESIST,STRIP RESIST,STRIP PHOTORESIST,MEASURE METAL THICKNESS,EXPOSE LITHO LEVEL 4
valid_0204,DEPOSIT PASSIVATION LAYER,DEPOSIT PASSIVATION,MEASURE LINE WIDTH,CURE PASSIVATION,RCA CLEAN 2
valid_0205,SPIN COAT PHOTORESIST,MEASURE METAL THICKNESS,SUBSTRATE CHECK,HARD BAKE,ALIGN MASK LEVEL 5
valid_0206,CURE PASSIVATION,SPIN COAT PHOTORESIST,DEPOSIT PASSIVATION LAYER,METAL ETCH DRY,PATTERN INSPECTION LEVEL 2
valid_0207,CMP INTERLAYER DIELECTRIC,CMP DIELECTRIC,VIA OPENING INSPECTION,DEVELOP PHOTORESIST,VIA INSPECTION
valid_0208,DEPOSIT PASSIVATION,DEPOSIT PASSIVATION LAYER,MEASURE LINE WIDTH,MEASURE GATE CD,THERMAL OXIDATION
valid_0209,CMP INTERLAYER DIELECTRIC,CMP DIELECTRIC,SPIN COAT PHOTORESIST,MEASURE FILM THICKNESS,BREAKDOWN VOLTAGE TEST
valid_0210,DEPOSIT PASSIVATION,DEPOSIT PASSIVATION LAYER,MEASURE LINE WIDTH,MEASURE GATE CD,THERMAL OXIDATION
valid_0211,MEASURE SURFACE PLANARITY,MEASURE PLANARITY,BACKSIDE GRIND,OPEN BOND PAD WINDOW,CMP INTERLAYER DIELECTRIC
valid_0212,DEPOSIT PASSIVATION,DEPOSIT PASSIVATION LAYER,MEASURE LINE WIDTH,THERMAL OXIDATION,MEASURE GATE CD
valid_0213,SPIN COAT PHOTORESIST,MEASURE METAL THICKNESS,HARD BAKE,SUBSTRATE CHECK,DENSIFY DIELECTRIC
valid_0214,CURE PASSIVATION,SPIN COAT PHOTORESIST,DEPOSIT PASSIVATION LAYER,CMP DIELECTRIC,METAL ETCH DRY
valid_0215,MEASURE SURFACE PLANARITY,MEASURE PLANARITY,CMP INTERLAYER DIELECTRIC,EPITAXIAL WAFER CHECK,RAPID THERMAL ANNEAL
valid_0216,MEASURE PASSIVATION QUALITY,MEASURE PASSIVATION THICKNESS,CURE PASSIVATION,PATTERN INSPECTION LEVEL 2,LIGHT ANNEAL
valid_0217,CMP INTERLAYER DIELECTRIC,CMP DIELECTRIC,VIA OPENING INSPECTION,VIA INSPECTION,DEVELOP PHOTORESIST
valid_0218,MEASURE LINE WIDTH,DEPOSIT PASSIVATION LAYER,DEPOSIT PASSIVATION,DENSIFY OXIDE,RCA CLEAN 2
valid_0219,SOFT BAKE,DEVELOP PHOTORESIST,SPIN COAT PHOTORESIST,FINAL THICKNESS MEASURE,DEPOSIT PASSIVATION
valid_0220,MEASURE PASSIVATION QUALITY,MEASURE PASSIVATION THICKNESS,CURE PASSIVATION,LIGHT ANNEAL,PATTERN INSPECTION LEVEL 2
valid_0221,MEASURE SURFACE PLANARITY,MEASURE PLANARITY,OPEN BOND PAD WINDOW,MEASURE DEVICE PARAMETER,CMP INTERLAYER DIELECTRIC
valid_0222,MEASURE PASSIVATION THICKNESS,MEASURE PASSIVATION QUALITY,PARAMETRIC TEST,ELECTRICAL PARAMETRIC TEST,CMP DIELECTRIC
valid_0223,MEASURE SURFACE PLANARITY,MEASURE PLANARITY,CMP INTERLAYER DIELECTRIC,WET CLEAN RCA1,RAPID THERMAL ANNEAL
valid_0224,CURE PASSIVATION,SPIN COAT PHOTORESIST,DEPOSIT PASSIVATION LAYER,PATTERN INSPECTION LEVEL 2,METAL ETCH DRY
valid_0225,SPIN COAT PHOTORESIST,MEASURE METAL THICKNESS,BREAKDOWN VOLTAGE TEST,MEASURE SURFACE PLANARITY,MEASURE INITIAL THICKNESS
valid_0226,CURE PASSIVATION,DEPOSIT PASSIVATION,SWITCHING TEST,HARD BAKE,WAFER SORT TEST
valid_0227,MEASURE FILM THICKNESS,MEASURE DIELECTRIC THICKNESS,SPIN COAT PHOTORESIST,DEVELOP PHOTORESIST,CMP INTERLAYER DIELECTRIC
valid_0228,DEPOSIT PASSIVATION,DEPOSIT PASSIVATION LAYER,MEASURE LINE WIDTH,ANNEAL DIELECTRIC,MEASURE BACKSIDE CONTACT
valid_0229,SPIN COAT PHOTORESIST,BACKSIDE DRY,MEASURE POLY THICKNESS,STRIP RESIST,STRIP PHOTORESIST
valid_0230,CURE PASSIVATION,PACKAGE PREPARATION,DEPOSIT PASSIVATION,SPIN COAT PHOTORESIST,MEASURE PASSIVATION THICKNESS
valid_0231,DENSIFY DIELECTRIC,DENSIFY OXIDE,STRIP RESIST,STRIP PHOTORESIST,PRE CLEAN WAFER
valid_0232,MEASURE LINE WIDTH,DEPOSIT PASSIVATION LAYER,DEPOSIT PASSIVATION,SWITCHING TEST,CLEAN PAD OPENING
valid_0233,SOFT BAKE,DEVELOP PHOTORESIST,DEPOSIT PASSIVATION,IMPLANT SOURCE REGION,FINAL THICKNESS MEASURE
valid_0234,CURE PASSIVATION,SPIN COAT PHOTORESIST,DEPOSIT PASSIVATION LAYER,CMP DIELECTRIC,METAL ETCH DRY
valid_0235,CMP DIELECTRIC,CMP INTERLAYER DIELECTRIC,DEPOSIT PASSIVATION LAYER,MEASURE DIELECTRIC THICKNESS,VIA OPENING INSPECTION
valid_0236,MEASURE LINE WIDTH,DEPOSIT PASSIVATION,DEPOSIT PASSIVATION LAYER,CMP METAL,RCA CLEAN 2
valid_0237,SPIN COAT PHOTORESIST,STRIP RESIST,STRIP PHOTORESIST,METAL PATTERN INSPECTION,MEASURE PLANARITY
valid_0238,CURE PASSIVATION,DEPOSIT PASSIVATION,MEASURE OXIDE QUALITY,SPIN COAT PHOTORESIST,DEPOSIT FIELD OXIDE
valid_0239,MEASURE SURFACE PLANARITY,MEASURE PLANARITY,CMP INTERLAYER DIELECTRIC,EPITAXIAL WAFER CHECK,OPEN BOND PAD WINDOW
valid_0240,CURE PASSIVATION,DEPOSIT PASSIVATION,SWITCHING TEST,HARD BAKE,LIGHT ANNEAL
valid_0241,MEASURE FILM THICKNESS,MEASURE DIELECTRIC THICKNESS,BREAKDOWN VOLTAGE TEST,LEAKAGE TEST,SPIN COAT PHOTORESIST
valid_0242,CURE PASSIVATION,HARD BAKE,DEPOSIT PASSIVATION LAYER,MEASURE METAL THICKNESS,SHIP LOT
valid_0243,CMP DIELECTRIC,CMP INTERLAYER DIELECTRIC,MEASURE DIELECTRIC THICKNESS,VIA OPENING INSPECTION,DEPOSIT PASSIVATION LAYER
valid_0244,MEASURE LINE WIDTH,DEPOSIT PASSIVATION,DEPOSIT PASSIVATION LAYER,DEPOSIT TOP METAL,PRE ANNEAL CHECK
valid_0245,SPIN COAT PHOTORESIST,MEASURE FILM THICKNESS,MEASURE EPITAXY THICKNESS,MEASURE PLANARITY,STRIP RESIST
valid_0246,MEASURE PASSIVATION THICKNESS,MEASURE PASSIVATION QUALITY,PARAMETRIC TEST,ELECTRICAL PARAMETRIC TEST,CMP DIELECTRIC
valid_0247,SPIN COAT PHOTORESIST,STRIP RESIST,MEASURE FILM THICKNESS,MEASURE EPITAXY THICKNESS,MEASURE PLANARITY
valid_0248,CURE PASSIVATION,WAFER CLEAN PRE-GRIND,CMP DIELECTRIC,DEPOSIT PASSIVATION,MEASURE FILM THICKNESS
valid_0249,SOFT BAKE,POLYSILICON ANNEAL,ANNEAL METAL 1,MEASURE THICKNESS,PARAMETRIC TEST
valid_0250,CURE PASSIVATION,CLEAN AFTER METAL ETCH,DEPOSIT PASSIVATION LAYER,MEASURE DIELECTRIC THICKNESS,SHIP LOT
valid_0251,MEASURE SURFACE PLANARITY,MEASURE PLANARITY,CMP DIELECTRIC,PRE ANNEAL CHECK,EPITAXIAL WAFER CHECK
valid_0252,MEASURE PASSIVATION QUALITY,MEASURE PASSIVATION THICKNESS,PARAMETRIC TEST,CURE PASSIVATION,DEVELOP PHOTORESIST
valid_0253,SPIN COAT PHOTORESIST,STRIP RESIST,MEASURE EPITAXY THICKNESS,MEASURE PLANARITY,STRIP PHOTORESIST
valid_0254,MEASURE PASSIVATION THICKNESS,MEASURE PASSIVATION QUALITY,PARAMETRIC TEST,ELECTRICAL PARAMETRIC TEST,PATTERN INSPECTION LEVEL 1
valid_0255,MEASURE SURFACE PLANARITY,MEASURE PLANARITY,CMP DIELECTRIC,DEPOSIT METAL SEED,EPITAXIAL WAFER CHECK
valid_0256,MEASURE PASSIVATION QUALITY,MEASURE PASSIVATION THICKNESS,CURE PASSIVATION,ANISOTROPIC ETCH SPACER,PARAMETRIC TEST
valid_0257,SPIN COAT PHOTORESIST,MEASURE METAL THICKNESS,SUBSTRATE CHECK,EXPOSE LITHO LEVEL 2,ALIGN MASK LEVEL 5
valid_0258,CURE PASSIVATION,DEPOSIT PASSIVATION,SPIN COAT PHOTORESIST,WAFER SORT TEST,OPEN PAD WINDOW
valid_0259,MEASURE SURFACE PLANARITY,MEASURE PLANARITY,CMP DIELECTRIC,PRE ANNEAL CHECK,EPITAXIAL WAFER CHECK
valid_0260,CURE PASSIVATION,SPIN COAT PHOTORESIST,DEPOSIT PASSIVATION LAYER,CMP DIELECTRIC,METAL ETCH DRY
valid_0261,MEASURE SURFACE PLANARITY,MEASURE PLANARITY,CMP INTERLAYER DIELECTRIC,EPITAXIAL WAFER CHECK,RAPID THERMAL ANNEAL
valid_0262,CURE PASSIVATION,SPIN COAT PHOTORESIST,DEPOSIT PASSIVATION,MEASURE SURFACE UNIFORMITY,LIGHT ANNEAL
valid_0263,CMP DIELECTRIC,CMP INTERLAYER DIELECTRIC,MEASURE DIELECTRIC THICKNESS,DEPOSIT PASSIVATION LAYER,MEASURE RESISTIVITY
valid_0264,CURE PASSIVATION,PACKAGE PREPARATION,DEPOSIT PASSIVATION,METAL ETCH DRY,DEPOSIT SPACER DIELECTRIC
valid_0265,MEASURE FILM THICKNESS,MEASURE DIELECTRIC THICKNESS,SPIN COAT PHOTORESIST,CMP INTERLAYER DIELECTRIC,DEVELOP PHOTORESIST
valid_0266,CURE PASSIVATION,DEPOSIT PASSIVATION LAYER,BACKSIDE ETCH CLEAN,MEASURE DIELECTRIC THICKNESS,METAL ETCH DRY
valid_0267,SOFT BAKE,DEVELOP PHOTORESIST,IMPLANT SOURCE REGION,SPIN COAT PHOTORESIST,ALIGN MASK LEVEL 5
valid_0268,CURE PASSIVATION,SPIN COAT PHOTORESIST,DEPOSIT PASSIVATION LAYER,CMP DIELECTRIC,PATTERN INSPECTION LEVEL 2
valid_0269,SPIN COAT PHOTORESIST,STRIP RESIST,STRIP PHOTORESIST,METAL PATTERN INSPECTION,MEASURE PLANARITY
valid_0270,MEASURE PASSIVATION QUALITY,MEASURE PASSIVATION THICKNESS,PARAMETRIC TEST,CURE PASSIVATION,LOT IDENTIFICATION
valid_0271,MEASURE PLANARITY,MEASURE SURFACE PLANARITY,CMP INTERLAYER DIELECTRIC,OPEN BOND PAD WINDOW,DEPOSIT PASSIVATION
valid_0272,CURE PASSIVATION,DEPOSIT PASSIVATION,SPIN COAT PHOTORESIST,DEPOSIT FIELD OXIDE,MEASURE OXIDE QUALITY
valid_0273,MEASURE FILM THICKNESS,MEASURE DIELECTRIC THICKNESS,SPIN COAT PHOTORESIST,DEVELOP PHOTORESIST,DEPOSIT PASSIVATION
valid_0274,DEPOSIT PASSIVATION,DEPOSIT PASSIVATION LAYER,MEASURE LINE WIDTH,ANNEAL DIELECTRIC,MEASURE BACKSIDE CONTACT
valid_0275,SPIN COAT PHOTORESIST,BACKSIDE DRY,WET CLEAN RCA2,MEASURE METAL THICKNESS,STRIP RESIST
valid_0276,CURE PASSIVATION,SPIN COAT PHOTORESIST,DEPOSIT PASSIVATION LAYER,CMP DIELECTRIC,METAL ETCH DRY
valid_0277,SPIN COAT PHOTORESIST,STRIP RESIST,MEASURE FILM THICKNESS,MEASURE EPITAXY THICKNESS,STRIP PHOTORESIST
valid_0278,MEASURE PASSIVATION THICKNESS,MEASURE PASSIVATION QUALITY,PARAMETRIC TEST,ELECTRICAL PARAMETRIC TEST,CMP DIELECTRIC
valid_0279,SPIN COAT PHOTORESIST,STRIP RESIST,STRIP PHOTORESIST,METAL PATTERN INSPECTION,MEASURE METAL THICKNESS
valid_0280,CURE PASSIVATION,DEPOSIT PASSIVATION LAYER,SHIP LOT,CLEAN AFTER METAL ETCH,POLYSILICON ANNEAL
valid_0281,DENSIFY OXIDE,DENSIFY DIELECTRIC,STRIP RESIST,STRIP PHOTORESIST,ALIGN MASK LEVEL 5
valid_0282,CLEAN AFTER METAL ETCH,CLEAN AFTER VIA ETCH,CLEAN PAD OPENING,CLEAN AFTER WINDOW ETCH,CLEAN AFTER ETCH
valid_0283,MEASURE SURFACE PLANARITY,MEASURE PLANARITY,CMP INTERLAYER DIELECTRIC,EPITAXIAL WAFER CHECK,OPEN BOND PAD WINDOW
valid_0284,CURE PASSIVATION,SPIN COAT PHOTORESIST,DEPOSIT PASSIVATION,MEASURE THICKNESS,WAFER SORT TEST
valid_0285,MEASURE DIELECTRIC THICKNESS,MEASURE FILM THICKNESS,SPIN COAT PHOTORESIST,BACKSIDE ETCH CLEAN,DEPOSIT PASSIVATION
valid_0286,DEPOSIT PASSIVATION LAYER,DEPOSIT PASSIVATION,MEASURE LINE WIDTH,ANNEAL DIELECTRIC,CMP INTERLAYER DIELECTRIC
valid_0287,EXPOSE LITHO LEVEL 5,CLEAN AFTER POLY ETCH,RAPID THERMAL ANNEAL,ALIGN MASK LEVEL 5,PARAMETRIC TEST
valid_0288,MEASURE PASSIVATION THICKNESS,MEASURE PASSIVATION QUALITY,CURE PASSIVATION,ALIGN MASK LEVEL 6,PARAMETRIC TEST
valid_0289,SPIN COAT PHOTORESIST,STRIP RESIST,MEASURE FILM THICKNESS,MEASURE EPITAXY THICKNESS,MEASURE PLANARITY
valid_0290,DEPOSIT PASSIVATION LAYER,DEPOSIT PASSIVATION,MEASURE LINE WIDTH,POST EXPOSE BAKE,THERMAL OXIDATION
valid_0291,SPIN COAT PHOTORESIST,WET CLEAN RCA2,BACKSIDE DRY,MEASURE METAL THICKNESS,STRIP RESIST
valid_0292,CURE PASSIVATION,SPIN COAT PHOTORESIST,DEPOSIT PASSIVATION LAYER,METAL ETCH DRY,PATTERN INSPECTION LEVEL 2
valid_0293,SPIN COAT PHOTORESIST,STRIP RESIST,BACKSIDE DRY,STRIP PHOTORESIST,MEASURE PLANARITY
valid_0294,DEPOSIT PASSIVATION LAYER,DEPOSIT PASSIVATION,MEASURE LINE WIDTH,CURE PASSIVATION,RCA CLEAN 2
valid_0295,MEASURE PLANARITY,MEASURE SURFACE PLANARITY,CMP INTERLAYER DIELECTRIC,OPEN BOND PAD WINDOW,DEPOSIT TUNGSTEN SEED
valid_0296,CURE PASSIVATION,DEPOSIT PASSIVATION LAYER,CLEAN AFTER METAL ETCH,POLYSILICON ANNEAL,SHIP LOT
valid_0297,MEASURE FILM THICKNESS,MEASURE DIELECTRIC THICKNESS,DENSIFY DIELECTRIC,SPIN COAT PHOTORESIST,IMPLANT CHANNEL STOP
valid_0298,MEASURE LINE WIDTH,DEPOSIT PASSIVATION,DEPOSIT PASSIVATION LAYER,CMP METAL,MEASURE FILM THICKNESS
valid_0299,MEASURE SURFACE PLANARITY,MEASURE PLANARITY,CMP INTERLAYER DIELECTRIC,WET CLEAN RCA1,EPITAXIAL WAFER CHECK
valid_0300,CURE PASSIVATION,DEPOSIT PASSIVATION,SPIN COAT PHOTORESIST,OPEN PAD WINDOW,MEASURE SURFACE UNIFORMITY
valid_0301,MEASURE PLANARITY,MEASURE SURFACE PLANARITY,CMP INTERLAYER DIELECTRIC,OPEN BOND PAD WINDOW,DEPOSIT TUNGSTEN SEED
valid_0302,CURE PASSIVATION,DEPOSIT PASSIVATION LAYER,METAL ETCH DRY,CLEAN AFTER METAL ETCH,SPIN COAT PHOTORESIST
valid_0303,MEASURE DIELECTRIC THICKNESS,MEASURE FILM THICKNESS,SPIN COAT PHOTORESIST,RAPID THERMAL ANNEAL,DENSIFY DIELECTRIC
valid_0304,MEASURE LINE WIDTH,DEPOSIT PASSIVATION,DEPOSIT PASSIVATION LAYER,DEPOSIT TOP METAL,PRE ANNEAL CHECK
valid_0305,SPIN COAT PHOTORESIST,MEASURE METAL THICKNESS,MEASURE SURFACE PLANARITY,BREAKDOWN VOLTAGE TEST,EXPOSE LITHO LEVEL 1
valid_0306,MEASURE PASSIVATION QUALITY,MEASURE PASSIVATION THICKNESS,CURE PASSIVATION,MEASURE JUNCTION DEPTH,PARAMETRIC TEST
valid_0307,MEASURE PLANARITY,MEASURE SURFACE PLANARITY,CMP INTERLAYER DIELECTRIC,DEPOSIT TUNGSTEN SEED,OPEN BOND PAD WINDOW
valid_0308,CURE PASSIVATION,DEPOSIT PASSIVATION LAYER,IMPLANT P BODY,BACKSIDE ETCH CLEAN,METAL ETCH DRY
valid_0309,SPIN COAT PHOTORESIST,MEASURE THICKNESS,MEASURE EPITAXY THICKNESS,MEASURE FILM THICKNESS,STRIP RESIST
valid_0310,CURE PASSIVATION,MEASURE DIELECTRIC THICKNESS,CLEAN AFTER METAL ETCH,DEPOSIT PASSIVATION LAYER,DEVELOP PHOTORESIST
valid_0311,MEASURE SURFACE PLANARITY,MEASURE PLANARITY,CMP INTERLAYER DIELECTRIC,OPEN BOND PAD WINDOW,DIELECTRIC ETCH VIA
valid_0312,CURE PASSIVATION,DEPOSIT PASSIVATION LAYER,SPIN COAT PHOTORESIST,SHIP LOT,POLYSILICON ANNEAL
valid_0313,CMP INTERLAYER DIELECTRIC,CMP DIELECTRIC,SPIN COAT PHOTORESIST,MEASURE FILM THICKNESS,DEPOSIT TUNGSTEN SEED
valid_0314,DEPOSIT PASSIVATION LAYER,DEPOSIT PASSIVATION,MEASURE LINE WIDTH,RCA CLEAN 2,CURE PASSIVATION
valid_0315,SPIN COAT PHOTORESIST,STRIP RESIST,STRIP PHOTORESIST,METAL PATTERN INSPECTION,EXPOSE LITHO LEVEL 4
valid_0316,MEASURE LINE WIDTH,DEPOSIT PASSIVATION LAYER,DEPOSIT PASSIVATION,DENSIFY OXIDE,ANNEAL DIELECTRIC
valid_0317,MEASURE FILM THICKNESS,MEASURE DIELECTRIC THICKNESS,SPIN COAT PHOTORESIST,CMP INTERLAYER DIELECTRIC,DEPOSIT PASSIVATION
valid_0318,MEASURE PASSIVATION QUALITY,MEASURE PASSIVATION THICKNESS,CURE PASSIVATION,PARAMETRIC TEST,LOT IDENTIFICATION
valid_0319,MEASURE SURFACE PLANARITY,MEASURE PLANARITY,DIELECTRIC ETCH VIA,DEPOSIT BACKSIDE METAL,EPITAXY ANNEAL
valid_0320,CURE PASSIVATION,SPIN COAT PHOTORESIST,WAFER CLEAN PRE-GRIND,DEPOSIT POLYSILICON,MEASURE THICKNESS
valid_0321,SPIN COAT PHOTORESIST,STRIP RESIST,MEASURE EPITAXY THICKNESS,MEASURE PLANARITY,MEASURE FILM THICKNESS
valid_0322,CURE PASSIVATION,CMP DIELECTRIC,MEASURE DIELECTRIC THICKNESS,SPIN COAT PHOTORESIST,DEPOSIT PASSIVATION LAYER
valid_0323,SOFT BAKE,DEVELOP PHOTORESIST,PARAMETRIC TEST,BACKSIDE DRY,POLYSILICON ETCH DRY
valid_0324,OPEN PAD WINDOW,OPEN BOND PAD WINDOW,MEASURE PASSIVATION QUALITY,FINAL GEOMETRY CHECK,MEASURE EPITAXY THICKNESS
valid_0325,CMP INTERLAYER DIELECTRIC,CMP DIELECTRIC,SPIN COAT PHOTORESIST,PRE CLEAN WAFER,DRY WAFER
valid_0326,DEPOSIT PASSIVATION LAYER,DEPOSIT PASSIVATION,MEASURE LINE WIDTH,MEASURE RESISTIVITY,CMP INTERLAYER DIELECTRIC
valid_0327,SPIN COAT PHOTORESIST,STRIP RESIST,STRIP PHOTORESIST,PRE CLEAN WAFER,DEPOSIT BACKSIDE METAL
valid_0328,CURE PASSIVATION,SPIN COAT PHOTORESIST,DEPOSIT PASSIVATION LAYER,MEASURE EPITAXY THICKNESS,STRIP RESIST
valid_0329,MEASURE SURFACE PLANARITY,MEASURE PLANARITY,CMP INTERLAYER DIELECTRIC,DEPOSIT PASSIVATION,RAPID THERMAL ANNEAL
valid_0330,MEASURE PASSIVATION QUALITY,MEASURE PASSIVATION THICKNESS,PARAMETRIC TEST,DEVELOP PHOTORESIST,CURE PASSIVATION
valid_0331,MEASURE PLANARITY,MEASURE SURFACE PLANARITY,CMP DIELECTRIC,PRE ANNEAL CHECK,BACKSIDE GRIND
valid_0332,CURE PASSIVATION,PACKAGE PREPARATION,DEPOSIT PASSIVATION,SPIN COAT PHOTORESIST,MEASURE PASSIVATION THICKNESS
valid_0333,DENSIFY DIELECTRIC,DENSIFY OXIDE,SPIN COAT PHOTORESIST,STRIP RESIST,STRIP PHOTORESIST
valid_0334,MEASURE LINE WIDTH,DEPOSIT PASSIVATION,DEPOSIT PASSIVATION LAYER,ANNEAL DIELECTRIC,MEASURE BACKSIDE CONTACT
valid_0335,CMP INTERLAYER DIELECTRIC,CMP DIELECTRIC,SPIN COAT PHOTORESIST,MEASURE FILM THICKNESS,VIA OPENING INSPECTION
valid_0336,MEASURE PASSIVATION QUALITY,MEASURE PASSIVATION THICKNESS,PARAMETRIC TEST,CURE PASSIVATION,MEASURE JUNCTION DEPTH
valid_0337,CMP DIELECTRIC,CMP INTERLAYER DIELECTRIC,MEASURE DIELECTRIC THICKNESS,VIA OPENING INSPECTION,IMPLANT P BODY
valid_0338,DEPOSIT PASSIVATION,DEPOSIT PASSIVATION LAYER,MEASURE LINE WIDTH,CMP INTERLAYER DIELECTRIC,CURE PASSIVATION
valid_0339,SOFT BAKE,DEVELOP PHOTORESIST,DEPOSIT TUNGSTEN SEED,POLYSILICON ANNEAL,RECEIVE WAFER LOT
valid_0340,CURE PASSIVATION,DEPOSIT PASSIVATION,DEPOSIT FIELD OXIDE,SPIN COAT PHOTORESIST,MEASURE OXIDE QUALITY
valid_0341,SPIN COAT PHOTORESIST,MEASURE METAL THICKNESS,POLY PATTERN INSPECTION,THERMAL OXIDATION,MEASURE FILM THICKNESS
valid_0342,OPEN PAD WINDOW,OPEN BOND PAD WINDOW,FINAL GEOMETRY CHECK,OXIDE STRIP,SWITCHING TEST
valid_0343,SPIN COAT PHOTORESIST,STRIP RESIST,STRIP PHOTORESIST,MEASURE PLANARITY,METAL PATTERN INSPECTION
valid_0344,MEASURE PASSIVATION QUALITY,MEASURE PASSIVATION THICKNESS,PARAMETRIC TEST,CURE PASSIVATION,MEASURE JUNCTION DEPTH
valid_0345,SPIN COAT PHOTORESIST,STRIP RESIST,STRIP PHOTORESIST,METAL PATTERN INSPECTION,MEASURE PLANARITY
valid_0346,MEASURE PASSIVATION QUALITY,MEASURE PASSIVATION THICKNESS,CURE PASSIVATION,PARAMETRIC TEST,DEPOSIT FIELD OXIDE
valid_0347,CMP INTERLAYER DIELECTRIC,CMP DIELECTRIC,SPIN COAT PHOTORESIST,MEASURE FILM THICKNESS,DEPOSIT TUNGSTEN SEED
valid_0348,DEPOSIT PASSIVATION LAYER,DEPOSIT PASSIVATION,MEASURE LINE WIDTH,CURE PASSIVATION,ANNEAL DIELECTRIC
valid_0349,DEPOSIT INTERLEVEL DIELECTRIC,DEPOSIT INTERLAYER DIELECTRIC,MEASURE DEVICE PARAMETER,BACKSIDE ETCH CLEAN,OXIDE ETCH
valid_0350,CLEAN AFTER METAL ETCH,CLEAN PAD OPENING,CLEAN AFTER POLY ETCH,CLEAN AFTER VIA ETCH,ALIGN MASK LEVEL 5
valid_0351,CMP DIELECTRIC,CMP INTERLAYER DIELECTRIC,SPIN COAT PHOTORESIST,MEASURE FILM THICKNESS,DEPOSIT TUNGSTEN SEED
valid_0352,DEPOSIT PASSIVATION,DEPOSIT PASSIVATION LAYER,MEASURE LINE WIDTH,MEASURE BACKSIDE CONTACT,ANNEAL DIELECTRIC
valid_0353,ALIGN MASK LEVEL 5,ALIGN MASK LEVEL 4,PASSIVATION ETCH PAD OPENING,DEPOSIT INTERLAYER DIELECTRIC,ALIGN MASK LEVEL 6
valid_0354,CURE PASSIVATION,METAL ETCH DRY,BACKSIDE ETCH CLEAN,IMPLANT P BODY,DEPOSIT PASSIVATION LAYER
valid_0355,SPIN COAT PHOTORESIST,STRIP RESIST,MEASURE EPITAXY THICKNESS,MEASURE FILM THICKNESS,MEASURE PLANARITY
valid_0356,MEASURE LINE WIDTH,DEPOSIT PASSIVATION LAYER,DEPOSIT PASSIVATION,MEASURE FILM THICKNESS,PARAMETRIC TEST
valid_0357,MEASURE SURFACE PLANARITY,MEASURE PLANARITY,EPITAXIAL WAFER CHECK,BACKSIDE GRIND,CMP DIELECTRIC
valid_0358,CURE PASSIVATION,DEPOSIT PASSIVATION,SWITCHING TEST,DEPOSIT BACKSIDE METAL,MEASURE THICKNESS
valid_0359,SPIN COAT PHOTORESIST,STRIP RESIST,STRIP PHOTORESIST,METAL PATTERN INSPECTION,EXPOSE LITHO LEVEL 4
valid_0360,CURE PASSIVATION,DEPOSIT PASSIVATION LAYER,CLEAN AFTER METAL ETCH,POLYSILICON ANNEAL,SHIP LOT
valid_0361,SPIN COAT PHOTORESIST,STRIP RESIST,STRIP PHOTORESIST,METAL PATTERN INSPECTION,EXPOSE LITHO LEVEL 4
valid_0362,CURE PASSIVATION,DEPOSIT PASSIVATION LAYER,CLEAN AFTER METAL ETCH,POLYSILICON ANNEAL,METAL ETCH DRY
valid_0363,MEASURE FILM THICKNESS,MEASURE DIELECTRIC THICKNESS,SPIN COAT PHOTORESIST,DEVELOP PHOTORESIST,BACKSIDE ETCH CLEAN
valid_0364,MEASURE LINE WIDTH,DEPOSIT PASSIVATION,DEPOSIT PASSIVATION LAYER,FRONTSIDE CLEAN,DENSIFY OXIDE
valid_0365,ALIGN MASK LEVEL 5,ALIGN MASK LEVEL 4,ALIGN MASK LEVEL 2,ALIGN MASK LEVEL 6,ALIGN MASK LEVEL 3
valid_0366,DEPOSIT PASSIVATION LAYER,DEPOSIT PASSIVATION,MEASURE LINE WIDTH,RCA CLEAN 2,ALIGN MASK LEVEL 5
valid_0367,MEASURE PLANARITY,MEASURE SURFACE PLANARITY,CMP INTERLAYER DIELECTRIC,OPEN BOND PAD WINDOW,DEPOSIT PASSIVATION
valid_0368,MEASURE PASSIVATION QUALITY,MEASURE PASSIVATION THICKNESS,CURE PASSIVATION,PARAMETRIC TEST,MEASURE JUNCTION DEPTH
valid_0369,SPIN COAT PHOTORESIST,MEASURE METAL THICKNESS,MEASURE SURFACE PLANARITY,MEASURE FILM THICKNESS,BREAKDOWN VOLTAGE TEST
valid_0370,CURE PASSIVATION,DEPOSIT PASSIVATION,WAFER SORT TEST,LIGHT ANNEAL,SWITCHING TEST
valid_0371,CMP INTERLAYER DIELECTRIC,CMP DIELECTRIC,MEASURE FILM THICKNESS,SPIN COAT PHOTORESIST,VIA OPENING INSPECTION
valid_0372,DEPOSIT PASSIVATION,DEPOSIT PASSIVATION LAYER,MEASURE LINE WIDTH,ANNEAL DIELECTRIC,MEASURE BACKSIDE CONTACT
valid_0373,SPIN COAT PHOTORESIST,STRIP RESIST,STRIP PHOTORESIST,MEASURE FILM THICKNESS,BACKSIDE DRY
valid_0374,CURE PASSIVATION,PACKAGE PREPARATION,DEPOSIT PASSIVATION,METAL ETCH DRY,SWITCHING TEST
valid_0375,DEPOSIT INTERLEVEL DIELECTRIC,MEASURE DEVICE PARAMETER,DEPOSIT INTERLAYER DIELECTRIC,MEASURE JUNCTION DEPTH,MEASURE JUNCTION PROFILE
valid_0376,CLEAN AFTER METAL ETCH,CLEAN AFTER POLY ETCH,CLEAN PAD OPENING,CLEAN AFTER VIA ETCH,SHIP LOT
valid_0377,CMP INTERLAYER DIELECTRIC,CMP DIELECTRIC,MEASURE DIELECTRIC THICKNESS,DEPOSIT PASSIVATION LAYER,VIA OPENING INSPECTION
valid_0378,CURE PASSIVATION,DEPOSIT PASSIVATION,DEPOSIT BACKSIDE METAL,MEASURE OXIDE QUALITY,DEPOSIT POLYSILICON
valid_0379,SPIN COAT PHOTORESIST,MEASURE METAL THICKNESS,DEPOSIT TUNGSTEN SEED,EPITAXIAL DEPOSITION,METAL PATTERN INSPECTION
valid_0380,MEASURE PASSIVATION QUALITY,MEASURE PASSIVATION THICKNESS,CURE PASSIVATION,PARAMETRIC TEST,ELECTRICAL PARAMETRIC TEST
valid_0381,MEASURE DIELECTRIC THICKNESS,MEASURE FILM THICKNESS,IMPLANT CHANNEL STOP,BREAKDOWN VOLTAGE TEST,DENSIFY DIELECTRIC
valid_0382,MEASURE LINE WIDTH,DEPOSIT PASSIVATION,DEPOSIT PASSIVATION LAYER,RCA CLEAN 2,CMP METAL
valid_0383,SOFT BAKE,DEVELOP PHOTORESIST,IMPLANT SOURCE REGION,DEPOSIT GATE OXIDE OR DIELECTRIC,FINAL THICKNESS MEASURE
valid_0384,MEASURE PASSIVATION THICKNESS,MEASURE PASSIVATION QUALITY,PARAMETRIC TEST,ELECTRICAL PARAMETRIC TEST,CURE PASSIVATION
valid_0385,MEASURE PLANARITY,MEASURE SURFACE PLANARITY,CMP DIELECTRIC,EPITAXIAL WAFER CHECK,OPEN BOND PAD WINDOW
valid_0386,CURE PASSIVATION,DEPOSIT PASSIVATION,DEPOSIT BACKSIDE METAL,MEASURE OXIDE QUALITY,DEPOSIT POLYSILICON
valid_0387,ALIGN MASK LEVEL 5,ALIGN MASK LEVEL 4,ALIGN MASK LEVEL 6,MEASURE DEVICE PARAMETER,MEASURE INITIAL GEOMETRY
valid_0388,CURE PASSIVATION,DEPOSIT PASSIVATION,METAL ETCH DRY,MEASURE OXIDE QUALITY,PACKAGE PREPARATION
valid_0389,MEASURE PLANARITY,MEASURE SURFACE PLANARITY,DEPOSIT METAL SEED,EPITAXIAL WAFER CHECK,CMP DIELECTRIC
valid_0390,CURE PASSIVATION,DEPOSIT PASSIVATION,MEASURE OXIDE QUALITY,DEPOSIT BACKSIDE METAL,DEPOSIT POLYSILICON
valid_0391,SPIN COAT PHOTORESIST,MEASURE METAL THICKNESS,DEPOSIT TUNGSTEN SEED,EPITAXIAL DEPOSITION,LOT IDENTIFICATION
valid_0392,DEPOSIT PASSIVATION LAYER,DEPOSIT PASSIVATION,MEASURE LINE WIDTH,RCA CLEAN 2,CURE PASSIVATION
valid_0393,MEASURE SURFACE PLANARITY,MEASURE PLANARITY,PRE ANNEAL CHECK,BACKSIDE GRIND,EPITAXIAL WAFER CHECK
valid_0394,CURE PASSIVATION,DEPOSIT PASSIVATION,PACKAGE PREPARATION,METAL ETCH DRY,WAFER CLEAN PRE-GRIND
valid_0395,SPIN COAT PHOTORESIST,MEASURE METAL THICKNESS,THERMAL OXIDATION,POLY PATTERN INSPECTION,DENSIFY DIELECTRIC
valid_0396,MEASURE PASSIVATION THICKNESS,MEASURE PASSIVATION QUALITY,CURE PASSIVATION,PARAMETRIC TEST,ALIGN MASK LEVEL 6
valid_0397,CMP DIELECTRIC,CMP INTERLAYER DIELECTRIC,SPIN COAT PHOTORESIST,BACKSIDE ETCH CLEAN,MEASURE FILM THICKNESS
valid_0398,CURE PASSIVATION,DEPOSIT PASSIVATION LAYER,SPIN COAT PHOTORESIST,CMP DIELECTRIC,METAL ETCH DRY
valid_0399,MEASURE SURFACE PLANARITY,MEASURE PLANARITY,CMP INTERLAYER DIELECTRIC,EPITAXIAL WAFER CHECK,WET CLEAN RCA1
valid_0400,DEPOSIT PASSIVATION LAYER,DEPOSIT PASSIVATION,MEASURE LINE WIDTH,CURE PASSIVATION,CMP INTERLAYER DIELECTRIC
valid_0401,DEPOSIT TUNGSTEN SEED,DEPOSIT METAL SEED,MEASURE SURFACE DEFECTS,DEPOSIT BARRIER METAL,MEASURE BACKSIDE CONTACT
valid_0402,PASSIVATION ETCH PAD OPENING,PASSIVATION ETCH,METAL PATTERN INSPECTION,METAL ETCH,VIA OPENING INSPECTION
valid_0403,MEASURE VIA CD,DEPOSIT BARRIER METAL,CLEAN AFTER VIA ETCH,INSPECT PATTERN LEVEL 1,SOFT BAKE
valid_0404,PASSIVATION ETCH,PASSIVATION ETCH PAD OPENING,METAL PATTERN INSPECTION,PATTERN INSPECTION LEVEL 2,BACKSIDE ETCH CLEAN
valid_0405,MEASURE VIA CD,DEPOSIT BARRIER METAL,OPEN PAD WINDOW LITHO,CLEAN AFTER VIA ETCH,INSPECT PATTERN LEVEL 1
valid_0406,MEASURE PASSIVATION THICKNESS,MEASURE PASSIVATION QUALITY,PATTERN INSPECTION LEVEL 2,CURE PASSIVATION,BACKSIDE THINNING CHECK
valid_0407,STRIP RESIST,STRIP PHOTORESIST,STRIP RESIST LEVEL 2,SPIN COAT PHOTORESIST,WAFER SORT TEST
valid_0408,MEASURE PASSIVATION THICKNESS,MEASURE PASSIVATION QUALITY,CURE PASSIVATION,BACKSIDE THINNING CHECK,MEASURE SHEET RESISTANCE
valid_0409,STRIP PHOTORESIST,STRIP RESIST,DIELECTRIC ETCH VIA,MEASURE METAL THICKNESS,FRONTSIDE CLEAN
valid_0410,OPEN PAD WINDOW,OPEN BOND PAD WINDOW,PACKAGE PREPARATION,MEASURE PASSIVATION THICKNESS,DEPOSIT BACKSIDE METAL
valid_0411,CLEAN AFTER VIA ETCH,CLEAN AFTER POLY ETCH,VIA ETCH THROUGH DIELECTRIC,CLEAN AFTER ETCH,CLEAN AFTER FIELD ETCH
valid_0412,OPEN PAD WINDOW,OPEN BOND PAD WINDOW,MEASURE OXIDE THICKNESS,IMPLANT N-TYPE,DEPOSIT PASSIVATION LAYER
valid_0413,STRIP PHOTORESIST,STRIP RESIST,OPEN PAD WINDOW LITHO,STRIP RESIST LEVEL 2,WAFER SORT TEST
valid_0414,MEASURE PASSIVATION QUALITY,MEASURE PASSIVATION THICKNESS,PARAMETRIC TEST,ANNEAL POLYSILICON,MEASURE VIA RESISTANCE
valid_0415,CLEAN AFTER VIA ETCH,CLEAN AFTER ETCH,CLEAN AFTER METAL ETCH,VIA ETCH THROUGH DIELECTRIC,FRONTSIDE CLEAN FINAL
valid_0416,DEVELOP PHOTORESIST,DEVELOP PAD WINDOW,POST EXPOSE BAKE,PARAMETRIC TEST,OPEN PAD WINDOW LITHO
valid_0417,CLEAN AFTER VIA ETCH,CLEAN AFTER ETCH,VIA ETCH THROUGH DIELECTRIC,STRIP RESIST,CLEAN AFTER POLY ETCH
valid_0418,PASSIVATION ETCH,PASSIVATION ETCH PAD OPENING,METAL PATTERN INSPECTION,CLEAN PAD OPENING,MEASURE THICKNESS
valid_0419,STRIP PHOTORESIST,STRIP RESIST,VIA ETCH,OPEN PAD WINDOW LITHO,WAFER SORT TEST
valid_0420,CURE PASSIVATION,PACKAGE PREPARATION,WAFER CLEAN PRE-GRIND,DEPOSIT BACKSIDE METAL,DEPOSIT POLYSILICON
valid_0421,DEPOSIT TUNGSTEN SEED,DEPOSIT METAL SEED,SPIN COAT PHOTORESIST,MEASURE OXIDE THICKNESS,DEPOSIT BARRIER METAL
valid_0422,PASSIVATION ETCH PAD OPENING,PASSIVATION ETCH,METAL PATTERN INSPECTION,CLEAN PAD OPENING,METAL ETCH
valid_0423,MEASURE VIA CD,DEPOSIT BARRIER METAL,CLEAN AFTER VIA ETCH,EXPOSE LITHO LEVEL 3,DEPOSIT BACKSIDE METAL
valid_0424,OPEN PAD WINDOW,OPEN BOND PAD WINDOW,OXIDE STRIP,MEASURE PASSIVATION QUALITY,CLEAN AFTER VIA ETCH
valid_0425,CLEAN AFTER VIA ETCH,CLEAN AFTER ETCH,CLEAN AFTER POLY ETCH,VIA ETCH THROUGH DIELECTRIC,STRIP RESIST
valid_0426,OPEN PAD WINDOW LITHO,PAD WINDOW LITHO,STRIP RESIST,OPEN BOND PAD WINDOW,SOFT BAKE
valid_0427,CLEAN AFTER VIA ETCH,CLEAN AFTER FIELD ETCH,VIA ETCH THROUGH DIELECTRIC,CLEAN AFTER ETCH,RCA CLEAN 1
valid_0428,OPEN PAD WINDOW,OPEN BOND PAD WINDOW,MEASURE OXIDE THICKNESS,MEASURE PASSIVATION QUALITY,PAD WINDOW LITHO
valid_0429,STRIP RESIST,STRIP PHOTORESIST,DEPOSIT POLYSILICON,SOFT BAKE,VIA ETCH THROUGH DIELECTRIC
valid_0430,OPEN PAD WINDOW LITHO,PAD WINDOW LITHO,OPEN BOND PAD WINDOW,MEASURE PAD OPENING,MEASURE RESISTIVITY
valid_0431,MEASURE VIA CD,DEPOSIT BARRIER METAL,CLEAN AFTER VIA ETCH,OPEN PAD WINDOW LITHO,FINAL OXIDE CHECK
valid_0432,PAD WINDOW LITHO,OPEN PAD WINDOW LITHO,OPEN BOND PAD WINDOW,MEASURE PAD OPENING,DEPOSIT BARRIER METAL
valid_0433,STRIP RESIST,STRIP PHOTORESIST,DENSIFY DIELECTRIC,VIA ETCH,STRIP RESIST LEVEL 2
valid_0434,DEVELOP PHOTORESIST,DEVELOP PAD WINDOW,POST EXPOSE BAKE,METAL PATTERN INSPECTION,CLEAN AFTER METAL ETCH
valid_0435,DEPOSIT BARRIER METAL,MEASURE VIA CD,IMPLANT N BUFFER,VIA ETCH,VIA ETCH THROUGH DIELECTRIC
valid_0436,PAD WINDOW LITHO,OPEN PAD WINDOW LITHO,OPEN PAD WINDOW,DEPOSIT BARRIER METAL,MEASURE VIA CD
valid_0437,CLEAN AFTER VIA ETCH,VIA ETCH THROUGH DIELECTRIC,CLEAN PAD OPENING,CLEAN AFTER ETCH,CLEAN AFTER FIELD ETCH
valid_0438,PAD WINDOW LITHO,OPEN PAD WINDOW LITHO,OPEN PAD WINDOW,DEPOSIT BARRIER METAL,DEVELOP PHOTORESIST
valid_0439,CLEAN AFTER VIA ETCH,VIA ETCH THROUGH DIELECTRIC,CLEAN AFTER METAL ETCH,CLEAN AFTER FIELD ETCH,WET CLEAN RCA1
valid_0440,OPEN PAD WINDOW LITHO,PAD WINDOW LITHO,OPEN PAD WINDOW,ALIGN MASK LEVEL 4,DEPOSIT SPACER DIELECTRIC
valid_0441,STRIP PHOTORESIST,STRIP RESIST,VIA ETCH,OPEN PAD WINDOW LITHO,PAD WINDOW LITHO
valid_0442,OPEN PAD WINDOW,OPEN BOND PAD WINDOW,MEASURE PASSIVATION THICKNESS,PACKAGE PREPARATION,MEASURE OXIDE THICKNESS
valid_0443,DEPOSIT BARRIER METAL,MEASURE VIA CD,OPEN PAD WINDOW LITHO,SWITCHING TEST,MEASURE CD LEVEL 2
valid_0444,OPEN PAD WINDOW,OPEN BOND PAD WINDOW,IMPLANT N-TYPE,MEASURE OXIDE THICKNESS,MEASURE PASSIVATION THICKNESS
valid_0445,CLEAN AFTER VIA ETCH,CLEAN PAD OPENING,CLEAN AFTER ETCH,VIA ETCH THROUGH DIELECTRIC,CLEAN AFTER FIELD ETCH
valid_0446,OPEN PAD WINDOW,OPEN BOND PAD WINDOW,MEASURE OXIDE QUALITY,MEASURE PASSIVATION QUALITY,PAD WINDOW LITHO
valid_0447,CLEAN AFTER VIA ETCH,VIA ETCH THROUGH DIELECTRIC,CLEAN AFTER POLY ETCH,CLEAN AFTER ETCH,CLEAN AFTER FIELD ETCH
valid_0448,DEVELOP PHOTORESIST,DEVELOP PAD WINDOW,POST EXPOSE BAKE,PAD WINDOW LITHO,MEASURE DIELECTRIC THICKNESS
valid_0449,CLEAN AFTER VIA ETCH,CLEAN AFTER ETCH,CLEAN AFTER POLY ETCH,VIA ETCH THROUGH DIELECTRIC,CLEAN AFTER FIELD ETCH
valid_0450,OPEN PAD WINDOW LITHO,PAD WINDOW LITHO,OPEN PAD WINDOW,DEVELOP PAD WINDOW,DEPOSIT BARRIER METAL
valid_0451,MEASURE VIA CD,DEPOSIT BARRIER METAL,EXPOSE LITHO LEVEL 3,DEPOSIT BACKSIDE METAL,CLEAN AFTER VIA ETCH
valid_0452,DEVELOP PHOTORESIST,DEVELOP PAD WINDOW,POST EXPOSE BAKE,PARAMETRIC TEST,OPEN PAD WINDOW LITHO
valid_0453,MEASURE VIA CD,DEPOSIT BARRIER METAL,CLEAN AFTER VIA ETCH,OPEN PAD WINDOW LITHO,PAD WINDOW LITHO
valid_0454,PAD WINDOW LITHO,OPEN PAD WINDOW LITHO,OPEN PAD WINDOW,DEPOSIT BARRIER METAL,MEASURE VIA RESISTANCE
valid_0455,DEPOSIT BARRIER METAL,MEASURE VIA CD,IMPLANT N BUFFER,OPEN PAD WINDOW LITHO,FINAL OXIDE CHECK
valid_0456,DEVELOP PAD WINDOW,DEVELOP PHOTORESIST,POST EXPOSE BAKE,PAD WINDOW LITHO,EXPOSE LITHO LEVEL 4
valid_0457,STRIP RESIST,STRIP PHOTORESIST,FINAL PARTICLE INSPECTION,DIELECTRIC ETCH VIA,EXPOSE LITHO LEVEL 5
valid_0458,MEASURE PASSIVATION QUALITY,MEASURE PASSIVATION THICKNESS,CURE PASSIVATION,MEASURE VIA RESISTANCE,ANNEAL POLYSILICON
valid_0459,HARD BAKE,VIA ETCH,VIA ETCH THROUGH DIELECTRIC,DIELECTRIC ETCH VIA,VIA OPENING INSPECTION
valid_0460,MEASURE PASSIVATION QUALITY,MEASURE PASSIVATION THICKNESS,ANNEAL POLYSILICON,PARAMETRIC TEST,MEASURE VIA RESISTANCE
valid_0461,MEASURE VIA CD,DEPOSIT BARRIER METAL,OPEN PAD WINDOW LITHO,CLEAN AFTER VIA ETCH,FINAL OXIDE CHECK
valid_0462,OPEN PAD WINDOW LITHO,PAD WINDOW LITHO,STRIP RESIST,OPEN BOND PAD WINDOW,PACKAGE PREPARATION
valid_0463,MEASURE VIA CD,DEPOSIT BARRIER METAL,CLEAN AFTER VIA ETCH,BACKSIDE ETCH CLEAN,WET CLEAN RCA2
valid_0464,OPEN PAD WINDOW LITHO,PAD WINDOW LITHO,OPEN BOND PAD WINDOW,MEASURE PAD OPENING,METAL PATTERN INSPECTION
valid_0465,HARD BAKE,VIA ETCH,DIELECTRIC ETCH VIA,VIA ETCH THROUGH DIELECTRIC,METAL ETCH DRY
valid_0466,CURE PASSIVATION,DEPOSIT PASSIVATION,OPEN PAD WINDOW,WAFER SORT TEST,EXPOSE LITHO LEVEL 5
valid_0467,CLEAN AFTER VIA ETCH,VIA ETCH THROUGH DIELECTRIC,CLEAN AFTER ETCH,CLEAN AFTER FIELD ETCH,CLEAN PAD OPENING
valid_0468,OPEN PAD WINDOW,OPEN BOND PAD WINDOW,MEASURE OXIDE QUALITY,OXIDE STRIP,MEASURE PASSIVATION QUALITY
valid_0469,CLEAN AFTER VIA ETCH,CLEAN AFTER FIELD ETCH,VIA ETCH THROUGH DIELECTRIC,CLEAN AFTER METAL ETCH,DEPOSIT TUNGSTEN SEED
valid_0470,OPEN BOND PAD WINDOW,OPEN PAD WINDOW,MEASURE PASSIVATION QUALITY,OPEN PAD WINDOW LITHO,MEASURE SURFACE PLANARITY
valid_0471,DEPOSIT BARRIER METAL,MEASURE VIA CD,OPEN PAD WINDOW LITHO,FINAL CD INSPECTION,IMPLANT N-TYPE
valid_0472,PASSIVATION ETCH,PASSIVATION ETCH PAD OPENING,DEVELOP PAD WINDOW,DEVELOP PHOTORESIST,IMPLANT N BUFFER
valid_0473,STRIP RESIST,STRIP PHOTORESIST,FINAL PARTICLE INSPECTION,DIELECTRIC ETCH VIA,EXPOSE LITHO LEVEL 5
valid_0474,MEASURE PASSIVATION QUALITY,MEASURE PASSIVATION THICKNESS,CURE PASSIVATION,PATTERN INSPECTION LEVEL 2,ANNEAL POLYSILICON
valid_0475,DIELECTRIC ETCH VIA,VIA ETCH THROUGH DIELECTRIC,VIA ETCH,METAL ETCH DRY,FIELD OXIDE ETCH
valid_0476,MEASURE PASSIVATION THICKNESS,MEASURE PASSIVATION QUALITY,PATTERN INSPECTION LEVEL 2,CURE PASSIVATION,ANNEAL POLYSILICON
valid_0477,CLEAN AFTER VIA ETCH,VIA ETCH THROUGH DIELECTRIC,CLEAN AFTER FIELD ETCH,CLEAN AFTER ETCH,DEPOSIT TUNGSTEN SEED
valid_0478,OPEN PAD WINDOW,OPEN BOND PAD WINDOW,MEASURE OXIDE QUALITY,MEASURE PASSIVATION QUALITY,MEASURE EPITAXY THICKNESS
valid_0479,CLEAN AFTER VIA ETCH,CLEAN AFTER ETCH,CLEAN AFTER METAL ETCH,VIA ETCH THROUGH DIELECTRIC,CLEAN AFTER FIELD ETCH
valid_0480,PAD WINDOW LITHO,OPEN PAD WINDOW LITHO,OPEN PAD WINDOW,DEPOSIT BARRIER METAL,DEVELOP PHOTORESIST
valid_0481,MEASURE VIA CD,DEPOSIT BARRIER METAL,OPEN PAD WINDOW LITHO,CLEAN AFTER VIA ETCH,PAD WINDOW LITHO
valid_0482,OPEN PAD WINDOW,OPEN BOND PAD WINDOW,MEASURE PASSIVATION THICKNESS,IMPLANT N-TYPE,PACKAGE PREPARATION
valid_0483,DEPOSIT TUNGSTEN SEED,DEPOSIT METAL SEED,SPIN COAT PHOTORESIST,MEASURE OXIDE THICKNESS,DEPOSIT BARRIER METAL
valid_0484,DEVELOP PHOTORESIST,DEVELOP PAD WINDOW,POST EXPOSE BAKE,PARAMETRIC TEST,OPEN PAD WINDOW LITHO
valid_0485,DEPOSIT BARRIER METAL,MEASURE VIA CD,HARD BAKE,IMPLANT N-TYPE,FINAL CD INSPECTION
valid_0486,DEVELOP PHOTORESIST,DEVELOP PAD WINDOW,POST EXPOSE BAKE,OPEN PAD WINDOW LITHO,MEASURE DIELECTRIC THICKNESS
valid_0487,CLEAN AFTER VIA ETCH,CLEAN AFTER FIELD ETCH,VIA ETCH THROUGH DIELECTRIC,CLEAN AFTER METAL ETCH,DEPOSIT TUNGSTEN SEED
valid_0488,MEASURE PASSIVATION QUALITY,MEASURE PASSIVATION THICKNESS,PARAMETRIC TEST,ANNEAL POLYSILICON,INSPECT PATTERN LEVEL 1
valid_0489,CLEAN AFTER VIA ETCH,VIA ETCH THROUGH DIELECTRIC,CLEAN AFTER POLY ETCH,CLEAN AFTER FIELD ETCH,CLEAN AFTER ETCH
valid_0490,OPEN PAD WINDOW,OPEN BOND PAD WINDOW,MEASURE PASSIVATION QUALITY,MEASURE EPITAXY THICKNESS,MEASURE THICKNESS
valid_0491,STRIP PHOTORESIST,STRIP RESIST,DEPOSIT POLYSILICON,EXPOSE LITHO LEVEL 4,MEASURE METAL THICKNESS
valid_0492,OPEN PAD WINDOW LITHO,PAD WINDOW LITHO,OPEN PAD WINDOW,MEASURE VIA RESISTANCE,VIA INSPECTION
valid_0493,MEASURE VIA CD,DEPOSIT BARRIER METAL,CLEAN AFTER VIA ETCH,OPEN PAD WINDOW LITHO,FINAL OXIDE CHECK
valid_0494,PAD WINDOW LITHO,OPEN PAD WINDOW LITHO,OPEN PAD WINDOW,DEPOSIT BARRIER METAL,STRIP RESIST
valid_0495,CLEAN AFTER VIA ETCH,CLEAN AFTER ETCH,VIA ETCH THROUGH DIELECTRIC,CLEAN AFTER POLY ETCH,CLEAN AFTER FIELD ETCH
valid_0496,MEASURE PASSIVATION QUALITY,MEASURE PASSIVATION THICKNESS,CURE PASSIVATION,MEASURE SHEET RESISTANCE,BACKSIDE THINNING CHECK
valid_0497,MEASURE VIA CD,DEPOSIT BARRIER METAL,CLEAN AFTER VIA ETCH,WET CLEAN RCA2,INSPECT PATTERN LEVEL 1
valid_0498,DEVELOP PHOTORESIST,DEVELOP PAD WINDOW,POST EXPOSE BAKE,PAD WINDOW LITHO,EXPOSE LITHO LEVEL 4
valid_0499,CLEAN AFTER VIA ETCH,CLEAN AFTER ETCH,CLEAN AFTER POLY ETCH,VIA ETCH THROUGH DIELECTRIC,RCA CLEAN 1
valid_0500,OPEN PAD WINDOW LITHO,PAD WINDOW LITHO,OPEN BOND PAD WINDOW,STRIP RESIST,SOFT BAKE
valid_0501,CLEAN AFTER VIA ETCH,VIA ETCH THROUGH DIELECTRIC,CLEAN AFTER ETCH,CLEAN AFTER FIELD ETCH,CLEAN AFTER POLY ETCH
valid_0502,OPEN PAD WINDOW LITHO,PAD WINDOW LITHO,OPEN PAD WINDOW,MEASURE DIELECTRIC THICKNESS,DEVELOP PAD WINDOW
valid_0503,DEPOSIT BARRIER METAL,MEASURE VIA CD,MEASURE CD LEVEL 2,HARD BAKE,OPEN PAD WINDOW LITHO
valid_0504,PASSIVATION ETCH,PASSIVATION ETCH PAD OPENING,METAL PATTERN INSPECTION,CLEAN PAD OPENING,PATTERN INSPECTION LEVEL 2
valid_0505,STRIP PHOTORESIST,STRIP RESIST,DIELECTRIC ETCH VIA,FINAL PARTICLE INSPECTION,DENSIFY DIELECTRIC
valid_0506,CURE PASSIVATION,DEPOSIT PASSIVATION LAYER,PACKAGE PREPARATION,MEASURE SURFACE UNIFORMITY,CLEAN AFTER METAL ETCH
valid_0507,STRIP RESIST,STRIP PHOTORESIST,DEPOSIT POLYSILICON,SOFT BAKE,VIA ETCH THROUGH DIELECTRIC
valid_0508,DEVELOP PHOTORESIST,DEVELOP PAD WINDOW,POST EXPOSE BAKE,OPEN PAD WINDOW LITHO,CLEAN AFTER METAL ETCH
valid_0509,CLEAN AFTER VIA ETCH,CLEAN AFTER METAL ETCH,CLEAN AFTER ETCH,CLEAN AFTER FIELD ETCH,CLEAN PAD OPENING
valid_0510,MEASURE PASSIVATION QUALITY,MEASURE PASSIVATION THICKNESS,CURE PASSIVATION,PARAMETRIC TEST,MEASURE VIA RESISTANCE
valid_0511,HARD BAKE,VIA ETCH,VIA ETCH THROUGH DIELECTRIC,DIELECTRIC ETCH VIA,VIA OPENING INSPECTION
valid_0512,OPEN PAD WINDOW,OPEN BOND PAD WINDOW,LEAKAGE TEST,FRONTSIDE CLEAN,MEASURE PASSIVATION THICKNESS
valid_0513,MEASURE VIA CD,DEPOSIT BARRIER METAL,CLEAN AFTER VIA ETCH,SOFT BAKE,STRIP RESIST
valid_0514,OPEN PAD WINDOW LITHO,PAD WINDOW LITHO,OPEN PAD WINDOW,ALIGN MASK LEVEL 4,DEPOSIT SPACER DIELECTRIC
valid_0515,MEASURE VIA CD,DEPOSIT BARRIER METAL,CLEAN AFTER VIA ETCH,OPEN PAD WINDOW LITHO,FINAL OXIDE CHECK
valid_0516,PAD WINDOW LITHO,OPEN PAD WINDOW LITHO,OPEN PAD WINDOW,DEPOSIT BARRIER METAL,MEASURE VIA RESISTANCE
valid_0517,MEASURE VIA CD,DEPOSIT BARRIER METAL,OPEN PAD WINDOW LITHO,CLEAN AFTER VIA ETCH,FINAL OXIDE CHECK
valid_0518,DEVELOP PHOTORESIST,DEVELOP PAD WINDOW,POST EXPOSE BAKE,PARAMETRIC TEST,WET CLEAN RCA1
valid_0519,MEASURE VIA CD,DEPOSIT BARRIER METAL,OPEN PAD WINDOW LITHO,CLEAN AFTER VIA ETCH,PAD WINDOW LITHO
valid_0520,OPEN PAD WINDOW LITHO,PAD WINDOW LITHO,OPEN PAD WINDOW,DEPOSIT BARRIER METAL,MEASURE VIA RESISTANCE
valid_0521,MEASURE VIA CD,DEPOSIT BARRIER METAL,CLEAN AFTER VIA ETCH,FINAL OXIDE CHECK,VIA OPENING INSPECTION
valid_0522,DEVELOP PHOTORESIST,DEVELOP PAD WINDOW,POST EXPOSE BAKE,PAD WINDOW LITHO,MEASURE DIELECTRIC THICKNESS
valid_0523,STRIP RESIST,STRIP PHOTORESIST,DIELECTRIC ETCH VIA,STRIP RESIST LEVEL 2,MEASURE METAL THICKNESS
valid_0524,OPEN PAD WINDOW,OPEN BOND PAD WINDOW,MEASURE OXIDE THICKNESS,DEPOSIT PASSIVATION LAYER,IMPLANT N-TYPE
valid_0525,MEASURE VIA CD,DEPOSIT BARRIER METAL,CLEAN AFTER VIA ETCH,OPEN PAD WINDOW LITHO,DEPOSIT TUNGSTEN SEED
valid_0526,DEVELOP PAD WINDOW,DEVELOP PHOTORESIST,POST EXPOSE BAKE,OPEN PAD WINDOW LITHO,PARAMETRIC TEST
valid_0527,DEPOSIT BARRIER METAL,MEASURE VIA CD,IMPLANT N BUFFER,VIA ETCH,OPEN PAD WINDOW LITHO
valid_0528,PAD WINDOW LITHO,OPEN PAD WINDOW LITHO,STRIP RESIST,OPEN BOND PAD WINDOW,PACKAGE PREPARATION
valid_0529,CLEAN AFTER VIA ETCH,CLEAN AFTER POLY ETCH,CLEAN AFTER ETCH,CLEAN AFTER FIELD ETCH,VIA ETCH THROUGH DIELECTRIC
valid_0530,CURE PASSIVATION,PACKAGE PREPARATION,DEPOSIT PASSIVATION,MEASURE SURFACE UNIFORMITY,METAL PATTERN INSPECTION
valid_0531,DEPOSIT BARRIER METAL,MEASURE VIA CD,OPEN PAD WINDOW LITHO,MEASURE CD LEVEL 2,VIA ETCH THROUGH DIELECTRIC
valid_0532,PASSIVATION ETCH,PASSIVATION ETCH PAD OPENING,CLEAN PAD OPENING,METAL PATTERN INSPECTION,PATTERN INSPECTION LEVEL 2
valid_0533,DEPOSIT TUNGSTEN SEED,DEPOSIT METAL SEED,SPIN COAT PHOTORESIST,DEPOSIT BARRIER METAL,OXIDE STRIP
valid_0534,PASSIVATION ETCH,PASSIVATION ETCH PAD OPENING,CLEAN PAD OPENING,BACKSIDE ETCH CLEAN,BACKSIDE ANNEAL
valid_0535,DEPOSIT BARRIER METAL,MEASURE VIA CD,IMPLANT N BUFFER,HARD BAKE,FINAL CD INSPECTION
valid_0536,PASSIVATION ETCH,PASSIVATION ETCH PAD OPENING,DEPOSIT BACKSIDE PROTECTION,DEPOSIT POLYSILICON,FRONTSIDE CLEAN FINAL
valid_0537,MEASURE VIA CD,DEPOSIT BARRIER METAL,DEPOSIT TUNGSTEN SEED,CLEAN AFTER VIA ETCH,OPEN PAD WINDOW LITHO
valid_0538,DEVELOP PHOTORESIST,DEVELOP PAD WINDOW,POST EXPOSE BAKE,PAD WINDOW LITHO,CMP METAL
valid_0539,STRIP PHOTORESIST,STRIP RESIST,STRIP RESIST LEVEL 2,OPEN PAD WINDOW LITHO,EXPOSE LITHO LEVEL 3
valid_0540,OPEN PAD WINDOW,OPEN BOND PAD WINDOW,MEASURE PASSIVATION QUALITY,MEASURE THICKNESS,MEASURE OXIDE QUALITY
valid_0541,STRIP PHOTORESIST,STRIP RESIST,DEPOSIT POLYSILICON,VIA ETCH THROUGH DIELECTRIC,MEASURE METAL THICKNESS
valid_0542,OPEN PAD WINDOW,OPEN BOND PAD WINDOW,OXIDE STRIP,MEASURE PASSIVATION QUALITY,MEASURE OXIDE QUALITY
valid_0543,MEASURE VIA CD,DEPOSIT BARRIER METAL,CLEAN AFTER VIA ETCH,OPEN PAD WINDOW LITHO,PAD WINDOW LITHO
valid_0544,OPEN PAD WINDOW,OPEN BOND PAD WINDOW,MEASURE PASSIVATION QUALITY,MEASURE OXIDE QUALITY,PAD WINDOW LITHO
valid_0545,DEPOSIT BARRIER METAL,MEASURE VIA CD,OPEN PAD WINDOW LITHO,FINAL CD INSPECTION,HARD BAKE
valid_0546,DEVELOP PHOTORESIST,DEVELOP PAD WINDOW,POST EXPOSE BAKE,PAD WINDOW LITHO,HARD BAKE
valid_0547,CLEAN AFTER VIA ETCH,VIA ETCH THROUGH DIELECTRIC,DEPOSIT TUNGSTEN SEED,CLEAN AFTER FIELD ETCH,CLEAN PAD OPENING
valid_0548,DEVELOP PHOTORESIST,DEVELOP PAD WINDOW,POST EXPOSE BAKE,PAD WINDOW LITHO,FIELD OXIDE ETCH
valid_0549,DEPOSIT TUNGSTEN SEED,DEPOSIT METAL SEED,MEASURE SURFACE DEFECTS,DEPOSIT BARRIER METAL,MEASURE BACKSIDE CONTACT
valid_0550,PASSIVATION ETCH PAD OPENING,PASSIVATION ETCH,METAL PATTERN INSPECTION,METAL ETCH,CLEAN PAD OPENING
valid_0551,CLEAN AFTER VIA ETCH,VIA ETCH THROUGH DIELECTRIC,CLEAN AFTER FIELD ETCH,CLEAN AFTER ETCH,CLEAN PAD OPENING
valid_0552,OPEN PAD WINDOW LITHO,PAD WINDOW LITHO,OPEN PAD WINDOW,PASSIVATION ETCH,DEPOSIT BARRIER METAL
valid_0553,MEASURE VIA CD,DEPOSIT BARRIER METAL,DEPOSIT TUNGSTEN SEED,CLEAN AFTER VIA ETCH,OPEN PAD WINDOW LITHO
valid_0554,OPEN PAD WINDOW LITHO,PAD WINDOW LITHO,OPEN BOND PAD WINDOW,FINAL LOT RELEASE,MEASURE SURFACE PLANARITY
valid_0555,DIELECTRIC ETCH VIA,VIA ETCH THROUGH DIELECTRIC,VIA ETCH,METAL ETCH DRY,CLEAN AFTER VIA ETCH
valid_0556,OPEN BOND PAD WINDOW,OPEN PAD WINDOW,MEASURE PASSIVATION QUALITY,OPEN PAD WINDOW LITHO,MEASURE EPITAXY THICKNESS
valid_0557,MEASURE VIA CD,DEPOSIT BARRIER METAL,OPEN PAD WINDOW LITHO,CLEAN AFTER VIA ETCH,SWITCHING TEST
valid_0558,DEVELOP PHOTORESIST,DEVELOP PAD WINDOW,POST EXPOSE BAKE,HARD BAKE,PAD WINDOW LITHO
valid_0559,MEASURE VIA CD,DEPOSIT BARRIER METAL,CLEAN AFTER VIA ETCH,OPEN PAD WINDOW LITHO,FINAL OXIDE CHECK
valid_0560,PAD WINDOW LITHO,OPEN PAD WINDOW LITHO,OPEN PAD WINDOW,DEPOSIT BARRIER METAL,MEASURE VIA RESISTANCE
valid_0561,STRIP RESIST,STRIP PHOTORESIST,DIELECTRIC ETCH VIA,FINAL PARTICLE INSPECTION,DEPOSIT POLYSILICON
valid_0562,OPEN BOND PAD WINDOW,OPEN PAD WINDOW,MEASURE PASSIVATION THICKNESS,PRE ANNEAL CHECK,DEPOSIT PASSIVATION LAYER
valid_0563,CLEAN AFTER VIA ETCH,CLEAN AFTER ETCH,VIA ETCH THROUGH DIELECTRIC,CLEAN AFTER POLY ETCH,WET CLEAN RCA1
valid_0564,OPEN PAD WINDOW,OPEN BOND PAD WINDOW,OXIDE STRIP,MEASURE PASSIVATION QUALITY,OPEN PAD WINDOW LITHO
valid_0565,STRIP RESIST,STRIP PHOTORESIST,STRIP RESIST LEVEL 2,DENSIFY DIELECTRIC,VIA ETCH
valid_0566,OPEN PAD WINDOW,OPEN BOND PAD WINDOW,OXIDE STRIP,MEASURE PASSIVATION QUALITY,OPEN PAD WINDOW LITHO
valid_0567,MEASURE VIA CD,DEPOSIT BARRIER METAL,OPEN PAD WINDOW LITHO,INSPECT PATTERN LEVEL 1,CLEAN AFTER VIA ETCH
valid_0568,OPEN PAD WINDOW LITHO,PAD WINDOW LITHO,STRIP RESIST,SOFT BAKE,OPEN BOND PAD WINDOW
valid_0569,STRIP RESIST,STRIP PHOTORESIST,DIELECTRIC ETCH VIA,DENSIFY DIELECTRIC,PRE ANNEAL CHECK
valid_0570,DEVELOP PHOTORESIST,DEVELOP PAD WINDOW,POST EXPOSE BAKE,CLEAN AFTER METAL ETCH,PAD WINDOW LITHO
valid_0571,STRIP PHOTORESIST,STRIP RESIST,DEPOSIT POLYSILICON,VIA ETCH THROUGH DIELECTRIC,MEASURE METAL THICKNESS
valid_0572,OPEN PAD WINDOW,OPEN BOND PAD WINDOW,OXIDE STRIP,MEASURE OXIDE QUALITY,MEASURE PASSIVATION QUALITY
valid_0573,CLEAN AFTER VIA ETCH,CLEAN AFTER ETCH,CLEAN AFTER METAL ETCH,CLEAN AFTER FIELD ETCH,CLEAN PAD OPENING
valid_0574,OPEN PAD WINDOW,OPEN BOND PAD WINDOW,MEASURE PASSIVATION THICKNESS,PACKAGE PREPARATION,DEPOSIT BACKSIDE METAL
valid_0575,MEASURE VIA CD,DEPOSIT BARRIER METAL,OPEN PAD WINDOW LITHO,PAD WINDOW LITHO,DEPOSIT TUNGSTEN SEED
valid_0576,DEVELOP PAD WINDOW,DEVELOP PHOTORESIST,POST EXPOSE BAKE,PAD WINDOW LITHO,FIELD OXIDE ETCH
valid_0577,CLEAN AFTER VIA ETCH,VIA ETCH THROUGH DIELECTRIC,CLEAN AFTER FIELD ETCH,CLEAN AFTER METAL ETCH,DIELECTRIC ETCH VIA
valid_0578,DEVELOP PHOTORESIST,DEVELOP PAD WINDOW,POST EXPOSE BAKE,PAD WINDOW LITHO,CMP METAL
valid_0579,STRIP PHOTORESIST,STRIP RESIST,DEPOSIT POLYSILICON,FINAL PARTICLE INSPECTION,DIELECTRIC ETCH VIA
valid_0580,OPEN PAD WINDOW LITHO,PAD WINDOW LITHO,OPEN PAD WINDOW,DEVELOP PHOTORESIST,DEPOSIT TUNGSTEN SEED
valid_0581,CLEAN AFTER VIA ETCH,CLEAN AFTER ETCH,CLEAN AFTER METAL ETCH,VIA ETCH THROUGH DIELECTRIC,CLEAN PAD OPENING
valid_0582,OPEN PAD WINDOW LITHO,PAD WINDOW LITHO,OPEN BOND PAD WINDOW,STRIP RESIST LEVEL 2,STRIP RESIST
valid_0583,VIA ETCH THROUGH DIELECTRIC,VIA ETCH,DIELECTRIC ETCH VIA,METAL ETCH DRY,POLYSILICON ETCH DRY
valid_0584,OPEN PAD WINDOW,OPEN BOND PAD WINDOW,MEASURE OXIDE THICKNESS,MEASURE PASSIVATION THICKNESS,LEAKAGE TEST
valid_0585,STRIP PHOTORESIST,STRIP RESIST,DEPOSIT POLYSILICON,VIA ETCH THROUGH DIELECTRIC,MEASURE METAL THICKNESS
valid_0586,PAD WINDOW LITHO,OPEN PAD WINDOW LITHO,OPEN PAD WINDOW,DEPOSIT BARRIER METAL,MEASURE VIA CD
valid_0587,STRIP RESIST,STRIP PHOTORESIST,FINAL PARTICLE INSPECTION,DIELECTRIC ETCH VIA,CLEAN AFTER VIA ETCH
valid_0588,OPEN PAD WINDOW,OPEN BOND PAD WINDOW,MEASURE PASSIVATION THICKNESS,DEPOSIT PASSIVATION LAYER,OXIDE STRIP
valid_0589,DEVELOP PHOTORESIST,POST EXPOSE BAKE,PACKAGE PREPARATION,VIA INSPECTION,CLEAN AFTER VIA ETCH
valid_0590,CURE PASSIVATION,DEPOSIT POLYSILICON,PACKAGE PREPARATION,DEPOSIT PASSIVATION LAYER,STRIP RESIST
valid_0591,STRIP RESIST,STRIP PHOTORESIST,DIELECTRIC ETCH VIA,DENSIFY DIELECTRIC,PRE ANNEAL CHECK
valid_0592,OPEN BOND PAD WINDOW,OPEN PAD WINDOW,IMPLANT N-TYPE,METAL PATTERN INSPECTION,MEASURE PASSIVATION THICKNESS
valid_0593,STRIP RESIST,STRIP PHOTORESIST,VIA ETCH,OPEN PAD WINDOW LITHO,SPIN COAT PHOTORESIST
valid_0594,PAD WINDOW LITHO,OPEN PAD WINDOW LITHO,OPEN BOND PAD WINDOW,PACKAGE PREPARATION,MEASURE PAD OPENING
valid_0595,CLEAN AFTER VIA ETCH,CLEAN PAD OPENING,STRIP PHOTORESIST,VIA ETCH THROUGH DIELECTRIC,CLEAN AFTER ETCH
valid_0596,DEVELOP PAD WINDOW,DEVELOP PHOTORESIST,POST EXPOSE BAKE,PARAMETRIC TEST,OPEN PAD WINDOW LITHO
valid_0597,CLEAN AFTER VIA ETCH,VIA ETCH THROUGH DIELECTRIC,CLEAN AFTER POLY ETCH,WET CLEAN RCA1,CLEAN AFTER METAL ETCH
valid_0598,OPEN BOND PAD WINDOW,OPEN PAD WINDOW,MEASURE PASSIVATION THICKNESS,PRE ANNEAL CHECK,DEPOSIT PASSIVATION LAYER
valid_0599,CLEAN AFTER VIA ETCH,CLEAN AFTER METAL ETCH,VIA ETCH THROUGH DIELECTRIC,CLEAN AFTER FIELD ETCH,CLEAN AFTER POLY ETCH
valid_0600,OPEN PAD WINDOW LITHO,PAD WINDOW LITHO,OPEN BOND PAD WINDOW,FINAL LOT RELEASE,MEASURE SURFACE PLANARITY
