EXAMPLE_ID,RANK_1,RANK_2,RANK_3,RANK_4,RANK_5
valid_0001,DEPOSIT METAL SEED,DEPOSIT TUNGSTEN SEED,EXPOSE LITHO LEVEL 5,POLYSILICON ETCH DRY,DEPOSIT BACKSIDE PROTECTION
valid_0002,CLEAN PAD OPENING,OXIDE ETCH DRY,STRIP PHOTORESIST,CLEAN AFTER METAL ETCH,ETCH WET BACKSIDE
valid_0003,MEASURE VIA CD,DEPOSIT BARRIER METAL,THERMAL OXIDATION,CLEAN AFTER VIA ETCH,EXPOSE LITHO LEVEL 3
valid_0004,PASSIVATION ETCH PAD OPENING,PASSIVATION ETCH,CLEAN PAD OPENING,METAL ETCH,METAL PATTERN INSPECTION
valid_0005,MEASURE VIA CD,DEPOSIT BARRIER METAL,THERMAL OXIDATION,INSPECT PATTERN LEVEL 1,CLEAN AFTER VIA ETCH
valid_0006,PASSIVATION ETCH,PASSIVATION ETCH PAD OPENING,FRONTSIDE CLEAN FINAL,DEVELOP PAD WINDOW,METAL ETCH
valid_0007,MEASURE VIA CD,DEPOSIT BARRIER METAL,CLEAN AFTER VIA ETCH,BACKSIDE CLEAN,MEASURE METAL THICKNESS
valid_0008,PASSIVATION ETCH,PASSIVATION ETCH PAD OPENING,METAL PATTERN INSPECTION,CLEAN PAD OPENING,STRIP PHOTORESIST
valid_0009,MEASURE VIA CD,DEPOSIT BARRIER METAL,CLEAN AFTER VIA ETCH,THERMAL OXIDATION,EXPOSE LITHO LEVEL 3
valid_0010,STRIP RESIST,STRIP PHOTORESIST,PASSIVATION ETCH,BACKSIDE CLEAN,FIELD OXIDE ETCH
valid_0011,MEASURE VIA CD,DEPOSIT BARRIER METAL,CLEAN AFTER VIA ETCH,VIA ETCH THROUGH DIELECTRIC,MEASURE JUNCTION PROFILE
valid_0012,PASSIVATION ETCH PAD OPENING,PASSIVATION ETCH,METAL PATTERN INSPECTION,CLEAN PAD OPENING,VIA OPENING INSPECTION
valid_0013,MEASURE VIA CD,DEPOSIT BARRIER METAL,THERMAL OXIDATION,CLEAN AFTER VIA ETCH,INSPECT PATTERN LEVEL 1
valid_0014,STRIP RESIST,STRIP PHOTORESIST,PASSIVATION ETCH,BACKSIDE CLEAN,FIELD OXIDE ETCH
valid_0015,MEASURE VIA CD,DEPOSIT BARRIER METAL,CLEAN AFTER VIA ETCH,PAD WINDOW LITHO,OPEN PAD WINDOW LITHO
valid_0016,STRIP RESIST,STRIP PHOTORESIST,PASSIVATION ETCH PAD OPENING,STRIP RESIST LEVEL 2,CLEAN PAD OPENING
valid_0017,CLEAN AFTER VIA ETCH,CLEAN AFTER POLY ETCH,VIA ETCH THROUGH DIELECTRIC,CLEAN AFTER METAL ETCH,VIA INSPECTION
valid_0018,PASSIVATION ETCH,PASSIVATION ETCH PAD OPENING,CLEAN PAD OPENING,METAL PATTERN INSPECTION,WAFER CLEAN PRE-GRIND
valid_0019,DEPOSIT BARRIER METAL,MEASURE VIA CD,HARD BAKE,IMPLANT N-TYPE,SWITCHING TEST
valid_0020,STRIP RESIST,STRIP PHOTORESIST,PASSIVATION ETCH PAD OPENING,MEASURE SPACER WIDTH,BACKSIDE CLEAN
valid_0021,CLEAN AFTER VIA ETCH,CLEAN AFTER POLY ETCH,CLEAN AFTER ETCH,VIA ETCH THROUGH DIELECTRIC,DEPOSIT METAL 1
valid_0022,DEVELOP PAD WINDOW,DEVELOP PHOTORESIST,POST EXPOSE BAKE,EXPOSE LITHO LEVEL 4,PAD WINDOW LITHO
valid_0023,CLEAN AFTER VIA ETCH,CLEAN AFTER POLY ETCH,VIA ETCH THROUGH DIELECTRIC,CLEAN AFTER METAL ETCH,STRIP RESIST
valid_0024,PASSIVATION ETCH,PASSIVATION ETCH PAD OPENING,METAL ETCH,DEVELOP PAD WINDOW,STRIP PHOTORESIST
valid_0025,CLEAN AFTER VIA ETCH,CLEAN AFTER POLY ETCH,CLEAN AFTER METAL ETCH,CLEAN AFTER FIELD ETCH,ANNEAL OXIDE
valid_0026,DEVELOP PAD WINDOW,DEVELOP PHOTORESIST,POST EXPOSE BAKE,OPEN PAD WINDOW LITHO,MEASURE PASSIVATION THICKNESS
valid_0027,STRIP RESIST,STRIP PHOTORESIST,PRE ANNEAL CHECK,DIELECTRIC ETCH VIA,FRONTSIDE CLEAN
valid_0028,PAD WINDOW LITHO,OPEN PAD WINDOW LITHO,DEPOSIT BARRIER METAL,ALIGN MASK LEVEL 4,OPEN PAD WINDOW
valid_0029,STRIP RESIST,STRIP PHOTORESIST,VIA ETCH THROUGH DIELECTRIC,DEPOSIT POLYSILICON,SPIN COAT PHOTORESIST
valid_0030,DEVELOP PHOTORESIST,DEVELOP PAD WINDOW,POST EXPOSE BAKE,OPEN PAD WINDOW LITHO,MEASURE SHEET RESISTANCE
valid_0031,MEASURE VIA CD,DEPOSIT BARRIER METAL,THERMAL OXIDATION,CLEAN AFTER VIA ETCH,EXPOSE LITHO LEVEL 3
valid_0032,STRIP RESIST,STRIP PHOTORESIST,PASSIVATION ETCH,BACKSIDE CLEAN,FIELD OXIDE ETCH
valid_0033,FILL VIA METAL,PARAMETRIC TEST,DEPOSIT METAL SEED,DEPOSIT PASSIVATION LAYER,THRESHOLD VOLTAGE TEST
valid_0034,STRIP PHOTORESIST,STRIP RESIST,MEASURE SPACER WIDTH,BACKSIDE CLEAN,DENSIFY DIELECTRIC
valid_0035,DEPOSIT BARRIER METAL,MEASURE VIA CD,HARD BAKE,IMPLANT N BUFFER,ANISOTROPIC ETCH SPACER
valid_0036,CLEAN PAD OPENING,SHIP LOT,THERMAL OXIDATION,PASSIVATION ETCH,DRY WAFER
valid_0037,MEASURE VIA CD,DEPOSIT BARRIER METAL,THERMAL OXIDATION,CLEAN AFTER VIA ETCH,EXPOSE LITHO LEVEL 3
valid_0038,STRIP PHOTORESIST,STRIP RESIST,PASSIVATION ETCH,FIELD OXIDE ETCH,BACKSIDE CLEAN
valid_0039,CMP METAL,CMP VIA FILL,DEVELOP PHOTORESIST,FILL VIA METAL,MEASURE LINE WIDTH
valid_0040,MEASURE PAD OPENING,CLEAN PAD OPENING,MEASURE SHEET RESISTANCE,MEASURE JUNCTION PROFILE,THRESHOLD VOLTAGE TEST
valid_0041,MEASURE VIA CD,DEPOSIT BARRIER METAL,PAD WINDOW LITHO,CLEAN AFTER VIA ETCH,ETCH WET BACKSIDE
valid_0042,DEVELOP PAD WINDOW,DEVELOP PHOTORESIST,POST EXPOSE BAKE,OPEN PAD WINDOW LITHO,MEASURE SHEET RESISTANCE
valid_0043,MEASURE VIA CD,DEPOSIT BARRIER METAL,THERMAL OXIDATION,CLEAN AFTER VIA ETCH,EXPOSE LITHO LEVEL 3
valid_0044,PASSIVATION ETCH PAD OPENING,PASSIVATION ETCH,CLEAN PAD OPENING,METAL ETCH,METAL PATTERN INSPECTION
valid_0045,MEASURE VIA CD,DEPOSIT BARRIER METAL,THERMAL OXIDATION,CLEAN AFTER VIA ETCH,IMPLANT SOURCE DRAIN
valid_0046,PASSIVATION ETCH,PASSIVATION ETCH PAD OPENING,METAL ETCH,DEVELOP PAD WINDOW,BACKSIDE CLEAN
valid_0047,DEPOSIT METAL SEED,PRE ANNEAL CHECK,DEPOSIT TUNGSTEN SEED,IMPLANT SOURCE REGION,MEASURE OPENING CD
valid_0048,STRIP RESIST,STRIP PHOTORESIST,PASSIVATION ETCH,FIELD OXIDE ETCH,BACKSIDE CLEAN
valid_0049,DEPOSIT BARRIER METAL,MEASURE VIA CD,SWITCHING TEST,IMPLANT N-TYPE,MEASURE INITIAL GEOMETRY
valid_0050,PASSIVATION ETCH PAD OPENING,PASSIVATION ETCH,METAL ETCH,DEVELOP PAD WINDOW,STRIP PHOTORESIST
valid_0051,DEPOSIT BARRIER METAL,MEASURE VIA CD,HARD BAKE,IMPLANT N-TYPE,SWITCHING TEST
valid_0052,STRIP PHOTORESIST,STRIP RESIST,MEASURE SPACER WIDTH,BACKSIDE CLEAN,PASSIVATION ETCH PAD OPENING
valid_0053,CLEAN AFTER VIA ETCH,CLEAN AFTER POLY ETCH,STRIP RESIST,MEASURE VIA CD,POLY PATTERN INSPECTION
valid_0054,PASSIVATION ETCH,PASSIVATION ETCH PAD OPENING,DEVELOP PAD WINDOW,FRONTSIDE CLEAN FINAL,EPITAXIAL REWORK CHECK
valid_0055,DEPOSIT METAL SEED,DEPOSIT TUNGSTEN SEED,POLYSILICON ETCH DRY,DEPOSIT BARRIER METAL,DEPOSIT INTERLEVEL DIELECTRIC
valid_0056,CLEAN PAD OPENING,PASSIVATION ETCH PAD OPENING,PASSIVATION ETCH,OXIDE ETCH DRY,SHIP LOT
valid_0057,STRIP RESIST,STRIP PHOTORESIST,PRE ANNEAL CHECK,DIELECTRIC ETCH VIA,FRONTSIDE CLEAN
valid_0058,STRIP PHOTORESIST,STRIP RESIST,BACKSIDE CLEAN,FINAL CD INSPECTION,CLEAN PAD OPENING
valid_0059,MEASURE VIA CD,DEPOSIT BARRIER METAL,THERMAL OXIDATION,CLEAN AFTER VIA ETCH,EXPOSE LITHO LEVEL 3
valid_0060,PASSIVATION ETCH,PASSIVATION ETCH PAD OPENING,FRONTSIDE CLEAN FINAL,DEVELOP PAD WINDOW,METAL ETCH
valid_0061,DEPOSIT BARRIER METAL,MEASURE VIA CD,OPEN PAD WINDOW LITHO,HARD BAKE,FINAL CD INSPECTION
valid_0062,DEVELOP PHOTORESIST,DEVELOP PAD WINDOW,POST EXPOSE BAKE,PAD WINDOW LITHO,MEASURE DIELECTRIC THICKNESS
valid_0063,STRIP RESIST,STRIP PHOTORESIST,EXPOSE LITHO LEVEL 3,STRIP RESIST LEVEL 2,DENSIFY DIELECTRIC
valid_0064,DEVELOP PAD WINDOW,DEVELOP PHOTORESIST,POST EXPOSE BAKE,LIGHT ANNEAL,FIELD OXIDE ETCH
valid_0065,MEASURE VIA CD,DEPOSIT BARRIER METAL,CLEAN AFTER VIA ETCH,BACKSIDE CLEAN,THRESHOLD VOLTAGE TEST
valid_0066,PASSIVATION ETCH,PASSIVATION ETCH PAD OPENING,CLEAN PAD OPENING,METAL PATTERN INSPECTION,STRIP PHOTORESIST
valid_0067,CLEAN AFTER VIA ETCH,CLEAN AFTER POLY ETCH,CLEAN AFTER FIELD ETCH,CLEAN AFTER METAL ETCH,VIA INSPECTION
valid_0068,STRIP PHOTORESIST,STRIP RESIST,BACKSIDE CLEAN,MEASURE SPACER WIDTH,PASSIVATION ETCH PAD OPENING
valid_0069,CLEAN AFTER VIA ETCH,CLEAN AFTER POLY ETCH,CLEAN AFTER METAL ETCH,CLEAN AFTER FIELD ETCH,VIA ETCH THROUGH DIELECTRIC
valid_0070,PASSIVATION ETCH PAD OPENING,PASSIVATION ETCH,DEVELOP PAD WINDOW,METAL ETCH,POLYSILICON ETCH
valid_0071,CLEAN AFTER VIA ETCH,CLEAN AFTER POLY ETCH,VIA ETCH THROUGH DIELECTRIC,MEASURE VIA CD,VIA INSPECTION
valid_0072,PASSIVATION ETCH PAD OPENING,PASSIVATION ETCH,DEVELOP PAD WINDOW,FRONTSIDE CLEAN FINAL,DEVELOP PHOTORESIST
valid_0073,MEASURE VIA CD,DEPOSIT BARRIER METAL,THERMAL OXIDATION,CLEAN AFTER VIA ETCH,INSPECT PATTERN LEVEL 1
valid_0074,STRIP PHOTORESIST,STRIP RESIST,MEASURE SPACER WIDTH,BACKSIDE CLEAN,PASSIVATION ETCH PAD OPENING
valid_0075,MEASURE VIA CD,DEPOSIT BARRIER METAL,METAL ETCH,EXPOSE LITHO LEVEL 3,MEASURE JUNCTION PROFILE
valid_0076,PASSIVATION ETCH,PASSIVATION ETCH PAD OPENING,FRONTSIDE CLEAN FINAL,DEVELOP PAD WINDOW,DEPOSIT POLYSILICON
valid_0077,CLEAN AFTER VIA ETCH,CLEAN AFTER POLY ETCH,CLEAN AFTER FIELD ETCH,CLEAN AFTER METAL ETCH,DEPOSIT BACKSIDE PROTECTION
valid_0078,STRIP PHOTORESIST,STRIP RESIST,PASSIVATION ETCH PAD OPENING,BACKSIDE CLEAN,CLEAN PAD OPENING
valid_0079,MEASURE VIA CD,DEPOSIT BARRIER METAL,CLEAN AFTER VIA ETCH,THERMAL OXIDATION,EXPOSE LITHO LEVEL 3
valid_0080,STRIP PHOTORESIST,STRIP RESIST,BACKSIDE CLEAN,MEASURE SPACER WIDTH,PASSIVATION ETCH PAD OPENING
valid_0081,DEPOSIT BARRIER METAL,MEASURE VIA CD,SWITCHING TEST,BACKSIDE ANNEAL,IMPLANT N-TYPE
valid_0082,STRIP RESIST,STRIP PHOTORESIST,PASSIVATION ETCH,FIELD OXIDE ETCH,DENSIFY DIELECTRIC
valid_0083,STRIP PHOTORESIST,STRIP RESIST,PRE ANNEAL CHECK,VIA ETCH THROUGH DIELECTRIC,DEVELOP PHOTORESIST
valid_0084,PASSIVATION ETCH,PASSIVATION ETCH PAD OPENING,DEVELOP PAD WINDOW,FRONTSIDE CLEAN FINAL,POLYSILICON ETCH
valid_0085,MEASURE VIA CD,DEPOSIT BARRIER METAL,ETCH WET BACKSIDE,CLEAN AFTER VIA ETCH,EXPOSE LITHO LEVEL 3
valid_0086,CLEAN PAD OPENING,BACKSIDE ETCH CLEAN,MEASURE JUNCTION DEPTH,DRY WAFER,CLEAN AFTER METAL ETCH
valid_0087,HARD BAKE,VIA ETCH THROUGH DIELECTRIC,VIA ETCH,DIELECTRIC ETCH VIA,MEASURE DEVICE PARAMETER
valid_0088,OPEN PAD WINDOW LITHO,PAD WINDOW LITHO,OPEN PAD WINDOW,WAFER SORT TEST,MEASURE DEVICE PARAMETER
valid_0089,CLEAN AFTER VIA ETCH,CLEAN AFTER POLY ETCH,CLEAN AFTER ETCH,VIA INSPECTION,VIA ETCH THROUGH DIELECTRIC
valid_0090,STRIP RESIST,STRIP PHOTORESIST,PASSIVATION ETCH,BACKSIDE CLEAN,FIELD OXIDE ETCH
valid_0091,MEASURE VIA CD,DEPOSIT BARRIER METAL,THERMAL OXIDATION,CLEAN AFTER VIA ETCH,MEASURE METAL THICKNESS
valid_0092,DEVELOP PAD WINDOW,DEVELOP PHOTORESIST,POST EXPOSE BAKE,FIELD OXIDE ETCH,LIGHT ANNEAL
valid_0093,STRIP PHOTORESIST,STRIP RESIST,VIA ETCH THROUGH DIELECTRIC,BACKSIDE CLEAN,FIELD OXIDE ETCH
valid_0094,STRIP PHOTORESIST,STRIP RESIST,PASSIVATION ETCH,BACKSIDE CLEAN,DEPOSIT PASSIVATION
valid_0095,MEASURE VIA CD,DEPOSIT BARRIER METAL,CLEAN AFTER VIA ETCH,THRESHOLD VOLTAGE TEST,BACKSIDE CLEAN
valid_0096,STRIP RESIST,STRIP PHOTORESIST,PASSIVATION ETCH PAD OPENING,BACKSIDE CLEAN,STRIP RESIST LEVEL 2
valid_0097,CLEAN AFTER VIA ETCH,DEPOSIT TOP METAL,CLEAN AFTER FIELD ETCH,DEPOSIT METAL 1,CLEAN AFTER POLY ETCH
valid_0098,PASSIVATION ETCH,PASSIVATION ETCH PAD OPENING,FRONTSIDE CLEAN FINAL,METAL ETCH,DEVELOP PAD WINDOW
valid_0099,FILL VIA METAL,METAL ETCH,DEPOSIT METAL SEED,PARAMETRIC TEST,THRESHOLD VOLTAGE TEST
valid_0100,CLEAN PAD OPENING,PASSIVATION ETCH PAD OPENING,OXIDE ETCH DRY,BACKSIDE ETCH CLEAN,PASSIVATION ETCH
valid_0101,CLEAN AFTER VIA ETCH,CLEAN AFTER POLY ETCH,CLEAN AFTER METAL ETCH,VIA INSPECTION,BREAKDOWN VOLTAGE TEST
valid_0102,STRIP PHOTORESIST,STRIP RESIST,CLEAN PAD OPENING,FINAL CD INSPECTION,PASSIVATION ETCH PAD OPENING
valid_0103,DEPOSIT BARRIER METAL,MEASURE VIA CD,IMPLANT N-TYPE,HARD BAKE,SWITCHING TEST
valid_0104,PASSIVATION ETCH,PASSIVATION ETCH PAD OPENING,CLEAN PAD OPENING,METAL ETCH,METAL PATTERN INSPECTION
valid_0105,DEPOSIT BARRIER METAL,MEASURE VIA CD,HARD BAKE,IMPLANT N-TYPE,SWITCHING TEST
valid_0106,STRIP RESIST,STRIP PHOTORESIST,MEASURE SPACER WIDTH,PASSIVATION ETCH PAD OPENING,BACKSIDE CLEAN
valid_0107,DEPOSIT METAL SEED,DEPOSIT TUNGSTEN SEED,EPITAXY ANNEAL,PASSIVATION ETCH PAD OPENING,YIELD ANALYSIS
valid_0108,PASSIVATION ETCH,PASSIVATION ETCH PAD OPENING,METAL ETCH,FRONTSIDE CLEAN FINAL,DEVELOP PAD WINDOW
valid_0109,CLEAN AFTER VIA ETCH,DEPOSIT TOP METAL,DEPOSIT METAL 1,CLEAN AFTER FIELD ETCH,CLEAN AFTER METAL ETCH
valid_0110,DEVELOP PAD WINDOW,DEVELOP PHOTORESIST,POST EXPOSE BAKE,FIELD OXIDE ETCH,PAD WINDOW LITHO
valid_0111,CLEAN AFTER VIA ETCH,CLEAN AFTER POLY ETCH,CLEAN AFTER METAL ETCH,CLEAN AFTER FIELD ETCH,CLEAN PAD OPENING
valid_0112,STRIP RESIST,STRIP PHOTORESIST,PASSIVATION ETCH,BACKSIDE CLEAN,FIELD OXIDE ETCH
valid_0113,MEASURE VIA CD,DEPOSIT BARRIER METAL,THERMAL OXIDATION,CLEAN AFTER VIA ETCH,IMPLANT SOURCE DRAIN
valid_0114,CLEAN PAD OPENING,PASSIVATION ETCH,PASSIVATION ETCH PAD OPENING,STRIP PHOTORESIST,OXIDE ETCH DRY
valid_0115,MEASURE VIA CD,DEPOSIT BARRIER METAL,CLEAN AFTER VIA ETCH,THRESHOLD VOLTAGE TEST,OPEN PAD WINDOW LITHO
valid_0116,STRIP RESIST,STRIP PHOTORESIST,PASSIVATION ETCH,BACKSIDE CLEAN,FRONTSIDE CLEAN
valid_0117,CLEAN AFTER VIA ETCH,CLEAN AFTER POLY ETCH,CLEAN AFTER FIELD ETCH,CLEAN AFTER METAL ETCH,MEASURE OXIDE THICKNESS
valid_0118,PASSIVATION ETCH PAD OPENING,PASSIVATION ETCH,DEVELOP PAD WINDOW,METAL ETCH,STRIP PHOTORESIST
valid_0119,DEPOSIT BARRIER METAL,MEASURE VIA CD,IMPLANT N-TYPE,HARD BAKE,SWITCHING TEST
valid_0120,CLEAN PAD OPENING,PASSIVATION ETCH PAD OPENING,STRIP RESIST,PASSIVATION ETCH,MEASURE JUNCTION DEPTH
valid_0121,MEASURE VIA CD,DEPOSIT BARRIER METAL,EXPOSE LITHO LEVEL 3,DEPOSIT BACKSIDE METAL,MEASURE JUNCTION PROFILE
valid_0122,PASSIVATION ETCH PAD OPENING,PASSIVATION ETCH,DEVELOP PAD WINDOW,FRONTSIDE CLEAN FINAL,DEVELOP PHOTORESIST
valid_0123,FILL VIA METAL,METAL ETCH,DEPOSIT METAL SEED,IMPLANT DRAIN / CATHODE REGION,THRESHOLD VOLTAGE TEST
valid_0124,CLEAN PAD OPENING,PASSIVATION ETCH,PASSIVATION ETCH PAD OPENING,MEASURE JUNCTION DEPTH,STRIP PHOTORESIST
valid_0125,MEASURE VIA CD,DEPOSIT BARRIER METAL,THERMAL OXIDATION,CLEAN AFTER VIA ETCH,EXPOSE LITHO LEVEL 3
valid_0126,STRIP RESIST,STRIP PHOTORESIST,BACKSIDE CLEAN,MEASURE SPACER WIDTH,PASSIVATION ETCH PAD OPENING
valid_0127,CLEAN AFTER VIA ETCH,CLEAN AFTER METAL ETCH,CLEAN AFTER FIELD ETCH,CLEAN AFTER POLY ETCH,STRIP PHOTORESIST
valid_0128,STRIP PHOTORESIST,STRIP RESIST,BACKSIDE CLEAN,PASSIVATION ETCH PAD OPENING,IMPLANT N BUFFER
valid_0129,HARD BAKE,VIA ETCH THROUGH DIELECTRIC,VIA ETCH,DIELECTRIC ETCH VIA,SHIP LOT
valid_0130,DEVELOP PAD WINDOW,DEVELOP PHOTORESIST,POST EXPOSE BAKE,OPEN PAD WINDOW LITHO,MEASURE SHEET RESISTANCE
valid_0131,DEPOSIT METAL SEED,DEPOSIT TUNGSTEN SEED,METAL ETCH,EPITAXY ANNEAL,CLEAN AFTER POLY ETCH
valid_0132,CLEAN PAD OPENING,MEASURE INITIAL GEOMETRY,CLEAN AFTER METAL ETCH,PASSIVATION ETCH,LOT RELEASE
valid_0133,DEPOSIT METAL SEED,DEPOSIT TUNGSTEN SEED,POLYSILICON ETCH DRY,METAL PATTERN INSPECTION,MEASURE OPENING CD
valid_0134,CLEAN PAD OPENING,PASSIVATION ETCH,PASSIVATION ETCH PAD OPENING,STRIP PHOTORESIST,BACKSIDE ANNEAL
valid_0135,DEPOSIT METAL SEED,DEPOSIT TUNGSTEN SEED,DEPOSIT BACKSIDE PROTECTION,PRE ANNEAL CHECK,POLYSILICON ETCH DRY
valid_0136,CLEAN PAD OPENING,SHIP LOT,DRY WAFER,ALIGN MASK LEVEL 2,ETCH WET BACKSIDE
valid_0137,MEASURE VIA CD,DEPOSIT BARRIER METAL,THERMAL OXIDATION,INSPECT PATTERN LEVEL 1,CLEAN AFTER VIA ETCH
valid_0138,PASSIVATION ETCH,PASSIVATION ETCH PAD OPENING,DEVELOP PAD WINDOW,FRONTSIDE CLEAN FINAL,METAL ETCH
valid_0139,CLEAN AFTER VIA ETCH,CLEAN AFTER POLY ETCH,CLEAN AFTER METAL ETCH,CLEAN AFTER ETCH,POLY PATTERN INSPECTION
valid_0140,STRIP RESIST,STRIP PHOTORESIST,PASSIVATION ETCH,BACKSIDE CLEAN,FRONTSIDE CLEAN
valid_0141,DEPOSIT BARRIER METAL,MEASURE VIA CD,SWITCHING TEST,HARD BAKE,BACKSIDE ANNEAL
valid_0142,STRIP RESIST,STRIP PHOTORESIST,PASSIVATION ETCH,BACKSIDE CLEAN,FIELD OXIDE ETCH
valid_0143,DEPOSIT METAL SEED,DEPOSIT TUNGSTEN SEED,YIELD ANALYSIS,MEASURE OPENING CD,EPITAXY ANNEAL
valid_0144,PASSIVATION ETCH,PASSIVATION ETCH PAD OPENING,CLEAN PAD OPENING,METAL ETCH,FRONTSIDE CLEAN FINAL
valid_0145,MEASURE VIA CD,DEPOSIT BARRIER METAL,CLEAN AFTER VIA ETCH,THERMAL OXIDATION,EXPOSE LITHO LEVEL 3
valid_0146,PASSIVATION ETCH PAD OPENING,PASSIVATION ETCH,METAL PATTERN INSPECTION,CLEAN PAD OPENING,METAL ETCH
valid_0147,MEASURE VIA CD,DEPOSIT BARRIER METAL,THERMAL OXIDATION,IMPLANT SOURCE DRAIN,EXPOSE LITHO LEVEL 3
valid_0148,STRIP RESIST,STRIP PHOTORESIST,PASSIVATION ETCH,BACKSIDE CLEAN,MEASURE DEVICE PARAMETER
valid_0149,MEASURE VIA CD,DEPOSIT BARRIER METAL,CLEAN AFTER VIA ETCH,MEASURE JUNCTION PROFILE,THERMAL OXIDATION
valid_0150,STRIP RESIST,STRIP PHOTORESIST,BACKSIDE CLEAN,IMPLANT N BUFFER,CLEAN PAD OPENING
valid_0151,MEASURE VIA CD,DEPOSIT BARRIER METAL,EXPOSE LITHO LEVEL 3,METAL ETCH,BACKSIDE DRY
valid_0152,DEVELOP PAD WINDOW,DEVELOP PHOTORESIST,POST EXPOSE BAKE,OPEN PAD WINDOW LITHO,METAL PATTERN INSPECTION
valid_0153,MEASURE VIA CD,DEPOSIT BARRIER METAL,CLEAN AFTER VIA ETCH,BACKSIDE CLEAN,THRESHOLD VOLTAGE TEST
valid_0154,DEVELOP PAD WINDOW,DEVELOP PHOTORESIST,POST EXPOSE BAKE,EXPOSE LITHO LEVEL 4,FINAL CLEAN
valid_0155,CLEAN AFTER VIA ETCH,CLEAN AFTER POLY ETCH,CLEAN AFTER METAL ETCH,MEASURE VIA CD,CLEAN AFTER FIELD ETCH
valid_0156,STRIP PHOTORESIST,STRIP RESIST,MEASURE SPACER WIDTH,PASSIVATION ETCH PAD OPENING,BACKSIDE CLEAN
valid_0157,DEPOSIT BARRIER METAL,MEASURE VIA CD,HARD BAKE,FINAL CD INSPECTION,THRESHOLD VOLTAGE TEST
valid_0158,PASSIVATION ETCH PAD OPENING,PASSIVATION ETCH,DEVELOP PAD WINDOW,DEPOSIT FIELD OXIDE,EPITAXIAL REWORK CHECK
valid_0159,MEASURE VIA CD,DEPOSIT BARRIER METAL,THERMAL OXIDATION,CLEAN AFTER VIA ETCH,EXPOSE LITHO LEVEL 3
valid_0160,STRIP RESIST,STRIP PHOTORESIST,PASSIVATION ETCH,BACKSIDE CLEAN,FIELD OXIDE ETCH
valid_0161,STRIP RESIST,STRIP PHOTORESIST,EXPOSE LITHO LEVEL 4,BACKSIDE CLEAN,PRE ANNEAL CHECK
valid_0162,DEVELOP PAD WINDOW,DEVELOP PHOTORESIST,POST EXPOSE BAKE,SHIP LOT,MEASURE SHEET RESISTANCE
valid_0163,MEASURE VIA CD,DEPOSIT BARRIER METAL,THERMAL OXIDATION,CLEAN AFTER VIA ETCH,EXPOSE LITHO LEVEL 3
valid_0164,STRIP RESIST,STRIP PHOTORESIST,PASSIVATION ETCH,FIELD OXIDE ETCH,BACKSIDE CLEAN
valid_0165,MEASURE VIA CD,DEPOSIT BARRIER METAL,CLEAN AFTER VIA ETCH,BACKSIDE CLEAN,THRESHOLD VOLTAGE TEST
valid_0166,STRIP RESIST,STRIP PHOTORESIST,PASSIVATION ETCH,BACKSIDE CLEAN,FIELD OXIDE ETCH
valid_0167,DEPOSIT BARRIER METAL,MEASURE VIA CD,HARD BAKE,CMP DIELECTRIC,ALIGN MASK LEVEL 4
valid_0168,CLEAN PAD OPENING,BACKSIDE ETCH CLEAN,PASSIVATION ETCH PAD OPENING,MEASURE JUNCTION DEPTH,OXIDE ETCH DRY
valid_0169,STRIP RESIST,STRIP PHOTORESIST,PASSIVATION ETCH PAD OPENING,PRE ANNEAL CHECK,MEASURE METAL THICKNESS
valid_0170,STRIP RESIST,STRIP PHOTORESIST,BACKSIDE CLEAN,MEASURE SPACER WIDTH,PASSIVATION ETCH PAD OPENING
valid_0171,DEPOSIT METAL SEED,DEPOSIT TUNGSTEN SEED,DEPOSIT BACKSIDE PROTECTION,POLYSILICON ETCH DRY,EXPOSE LITHO LEVEL 5
valid_0172,STRIP PHOTORESIST,STRIP RESIST,MEASURE SPACER WIDTH,BACKSIDE CLEAN,PASSIVATION ETCH PAD OPENING
valid_0173,MEASURE VIA CD,DEPOSIT BARRIER METAL,THERMAL OXIDATION,EXPOSE LITHO LEVEL 3,CLEAN AFTER VIA ETCH
valid_0174,PASSIVATION ETCH PAD OPENING,PASSIVATION ETCH,CLEAN PAD OPENING,METAL ETCH,METAL PATTERN INSPECTION
valid_0175,MEASURE VIA CD,DEPOSIT BARRIER METAL,MEASURE JUNCTION PROFILE,CLEAN AFTER VIA ETCH,DEPOSIT BACKSIDE METAL
valid_0176,STRIP RESIST,STRIP PHOTORESIST,BACKSIDE CLEAN,PASSIVATION ETCH,FIELD OXIDE ETCH
valid_0177,DEPOSIT METAL SEED,DEPOSIT TUNGSTEN SEED,MEASURE OPENING CD,METAL PATTERN INSPECTION,HARD BAKE
valid_0178,STRIP PHOTORESIST,STRIP RESIST,PASSIVATION ETCH,FIELD OXIDE ETCH,BACKSIDE CLEAN
valid_0179,FILL VIA METAL,METAL ETCH,PARAMETRIC TEST,ELECTRICAL PARAMETRIC TEST,THRESHOLD VOLTAGE TEST
valid_0180,MEASURE PAD OPENING,CLEAN PAD OPENING,METAL ETCH,PRE ANNEAL CHECK,THRESHOLD VOLTAGE TEST
valid_0181,STRIP RESIST,STRIP PHOTORESIST,PASSIVATION ETCH PAD OPENING,MEASURE METAL THICKNESS,PRE ANNEAL CHECK
valid_0182,DEVELOP PHOTORESIST,DEVELOP PAD WINDOW,POST EXPOSE BAKE,PAD WINDOW LITHO,FIELD OXIDE ETCH
valid_0183,DEPOSIT BARRIER METAL,MEASURE VIA CD,IMPLANT N-TYPE,HARD BAKE,SWITCHING TEST
valid_0184,STRIP PHOTORESIST,STRIP RESIST,BACKSIDE CLEAN,MEASURE SPACER WIDTH,CLEAN PAD OPENING
valid_0185,DEPOSIT BARRIER METAL,MEASURE VIA CD,IMPLANT N BUFFER,FINAL CD INSPECTION,THRESHOLD VOLTAGE TEST
valid_0186,STRIP PHOTORESIST,STRIP RESIST,PASSIVATION ETCH,DENSIFY DIELECTRIC,DEVELOP PHOTORESIST
valid_0187,STRIP RESIST,STRIP PHOTORESIST,PRE ANNEAL CHECK,DIELECTRIC ETCH VIA,FRONTSIDE CLEAN
valid_0188,STRIP PHOTORESIST,STRIP RESIST,PASSIVATION ETCH,ALIGN MASK LEVEL 4,MEASURE METAL THICKNESS
valid_0189,MEASURE VIA CD,DEPOSIT BARRIER METAL,THERMAL OXIDATION,CLEAN AFTER VIA ETCH,EXPOSE LITHO LEVEL 3
valid_0190,PASSIVATION ETCH,PASSIVATION ETCH PAD OPENING,FRONTSIDE CLEAN FINAL,METAL ETCH,DEVELOP PAD WINDOW
valid_0191,DIELECTRIC ETCH VIA,VIA ETCH THROUGH DIELECTRIC,VIA ETCH,HARD BAKE,IMPLANT WELL
valid_0192,STRIP PHOTORESIST,STRIP RESIST,BACKSIDE CLEAN,IMPLANT N BUFFER,PASSIVATION ETCH PAD OPENING
valid_0193,CLEAN AFTER VIA ETCH,CLEAN AFTER FIELD ETCH,CLEAN AFTER POLY ETCH,CLEAN AFTER METAL ETCH,DEPOSIT BACKSIDE PROTECTION
valid_0194,PASSIVATION ETCH PAD OPENING,PASSIVATION ETCH,CLEAN PAD OPENING,P BODY WINDOW INSPECTION,METAL ETCH
valid_0195,MEASURE VIA CD,DEPOSIT BARRIER METAL,EXPOSE LITHO LEVEL 3,CLEAN AFTER VIA ETCH,THERMAL OXIDATION
valid_0196,CLEAN PAD OPENING,MEASURE JUNCTION DEPTH,PASSIVATION ETCH PAD OPENING,BACKSIDE ETCH CLEAN,OXIDE ETCH DRY
valid_0197,STRIP RESIST,STRIP PHOTORESIST,EXPOSE LITHO LEVEL 3,DENSIFY DIELECTRIC,STRIP RESIST LEVEL 2
valid_0198,STRIP RESIST,STRIP PHOTORESIST,PASSIVATION ETCH,FIELD OXIDE ETCH,BACKSIDE CLEAN
valid_0199,MEASURE VIA CD,DEPOSIT BARRIER METAL,THERMAL OXIDATION,INSPECT PATTERN LEVEL 1,CLEAN AFTER VIA ETCH
valid_0200,STRIP RESIST,STRIP PHOTORESIST,MEASURE SPACER WIDTH,PASSIVATION ETCH PAD OPENING,BACKSIDE CLEAN
valid_0201,CMP INTERLAYER DIELECTRIC,CMP DIELECTRIC,DEPOSIT INTERLEVEL DIELECTRIC,MEASURE FILM THICKNESS,VIA OPENING INSPECTION
valid_0202,DEPOSIT PASSIVATION,DEPOSIT PASSIVATION LAYER,MEASURE LINE WIDTH,ANNEAL DIELECTRIC,MEASURE BACKSIDE CONTACT
valid_0203,SPIN COAT PHOTORESIST,STRIP RESIST,STRIP PHOTORESIST,MEASURE METAL THICKNESS,EXPOSE LITHO LEVEL 2
valid_0204,DEPOSIT PASSIVATION LAYER,DEPOSIT PASSIVATION,MEASURE LINE WIDTH,CURE PASSIVATION,DEPOSIT PAD OXIDE
valid_0205,SPIN COAT PHOTORESIST,MEASURE METAL THICKNESS,FILL VIA METAL,THERMAL OXIDATION,HARD BAKE
valid_0206,CURE PASSIVATION,METAL ETCH DRY,PATTERN INSPECTION LEVEL 2,DEPOSIT PASSIVATION LAYER,SPIN COAT PHOTORESIST
valid_0207,CMP INTERLAYER DIELECTRIC,CMP DIELECTRIC,MEASURE DIELECTRIC THICKNESS,VIA OPENING INSPECTION,DEVELOP PHOTORESIST
valid_0208,DEPOSIT PASSIVATION,DEPOSIT PASSIVATION LAYER,MEASURE LINE WIDTH,ALIGN MASK LEVEL 5,THERMAL OXIDATION
valid_0209,CMP INTERLAYER DIELECTRIC,CMP DIELECTRIC,SPIN COAT PHOTORESIST,MEASURE FILM THICKNESS,DEPOSIT INTERLEVEL DIELECTRIC
valid_0210,DEPOSIT PASSIVATION,DEPOSIT PASSIVATION LAYER,MEASURE LINE WIDTH,ALIGN MASK LEVEL 5,THERMAL OXIDATION
valid_0211,MEASURE PLANARITY,MEASURE SURFACE PLANARITY,EPITAXIAL WAFER CHECK,OPEN BOND PAD WINDOW,MEASURE DEVICE PARAMETER
valid_0212,DEPOSIT PASSIVATION,DEPOSIT PASSIVATION LAYER,MEASURE LINE WIDTH,THERMAL OXIDATION,ALIGN MASK LEVEL 5
valid_0213,SPIN COAT PHOTORESIST,MEASURE METAL THICKNESS,FILL VIA METAL,MEASURE FILM THICKNESS,HARD BAKE
valid_0214,CURE PASSIVATION,METAL ETCH DRY,DEPOSIT PASSIVATION LAYER,PATTERN INSPECTION LEVEL 2,CMP DIELECTRIC
valid_0215,MEASURE PLANARITY,MEASURE SURFACE PLANARITY,DEPOSIT BACKSIDE METAL,EPITAXIAL WAFER CHECK,RCA CLEAN 1
valid_0216,MEASURE PASSIVATION QUALITY,MEASURE PASSIVATION THICKNESS,LIGHT ANNEAL,CURE PASSIVATION,CMP DIELECTRIC
valid_0217,CMP INTERLAYER DIELECTRIC,CMP DIELECTRIC,MEASURE DIELECTRIC THICKNESS,VIA OPENING INSPECTION,DEVELOP PHOTORESIST
valid_0218,MEASURE LINE WIDTH,DEPOSIT PASSIVATION LAYER,DEPOSIT PASSIVATION,BACKSIDE DRY,BACKSIDE GRIND
valid_0219,SOFT BAKE,DEVELOP PHOTORESIST,ALIGN MASK LEVEL 5,BACKSIDE ANNEAL,DRY WAFER
valid_0220,MEASURE PASSIVATION QUALITY,MEASURE PASSIVATION THICKNESS,LIGHT ANNEAL,CURE PASSIVATION,PATTERN INSPECTION LEVEL 2
valid_0221,MEASURE PLANARITY,MEASURE SURFACE PLANARITY,MEASURE DEVICE PARAMETER,INITIAL WAFER INSPECTION,EPITAXIAL WAFER CHECK
valid_0222,MEASURE PASSIVATION THICKNESS,MEASURE PASSIVATION QUALITY,ELECTRICAL PARAMETRIC TEST,PARAMETRIC TEST,LIGHT ANNEAL
valid_0223,MEASURE SURFACE PLANARITY,MEASURE PLANARITY,RCA CLEAN 1,WET CLEAN RCA1,DEPOSIT BACKSIDE METAL
valid_0224,CURE PASSIVATION,METAL ETCH DRY,PATTERN INSPECTION LEVEL 2,DEPOSIT PASSIVATION LAYER,SHIP LOT
valid_0225,SPIN COAT PHOTORESIST,MEASURE METAL THICKNESS,MEASURE FILM THICKNESS,STRIP PHOTORESIST,MEASURE SURFACE PLANARITY
valid_0226,CURE PASSIVATION,HARD BAKE,DEPOSIT PASSIVATION,DEPOSIT BACKSIDE METAL,MEASURE METAL THICKNESS
valid_0227,MEASURE FILM THICKNESS,MEASURE DIELECTRIC THICKNESS,DEVELOP PHOTORESIST,CMP INTERLAYER DIELECTRIC,DEPOSIT PASSIVATION
valid_0228,DEPOSIT PASSIVATION,DEPOSIT PASSIVATION LAYER,MEASURE LINE WIDTH,BACKSIDE ETCH CLEAN,CURE PASSIVATION
valid_0229,SPIN COAT PHOTORESIST,BACKSIDE DRY,MEASURE PLANARITY,MEASURE POLY THICKNESS,MEASURE EPITAXY THICKNESS
valid_0230,CURE PASSIVATION,MEASURE SURFACE UNIFORMITY,DEPOSIT PASSIVATION,METAL ETCH DRY,FIELD PATTERN INSPECTION
valid_0231,DENSIFY OXIDE,DENSIFY DIELECTRIC,STRIP RESIST,STRIP PHOTORESIST,PRE CLEAN WAFER
valid_0232,MEASURE LINE WIDTH,DEPOSIT PASSIVATION,DEPOSIT PASSIVATION LAYER,THRESHOLD VOLTAGE TEST,OXIDE ETCH
valid_0233,SOFT BAKE,ALIGN MASK LEVEL 5,BACKSIDE ANNEAL,OXIDE STRIP,OPEN BOND PAD WINDOW
valid_0234,CURE PASSIVATION,METAL ETCH DRY,PATTERN INSPECTION LEVEL 2,DEPOSIT PASSIVATION LAYER,CMP DIELECTRIC
valid_0235,CMP DIELECTRIC,CMP INTERLAYER DIELECTRIC,MEASURE DIELECTRIC THICKNESS,DEPOSIT PASSIVATION LAYER,VIA OPENING INSPECTION
valid_0236,MEASURE LINE WIDTH,DEPOSIT PASSIVATION,DEPOSIT PASSIVATION LAYER,CMP METAL,CLEAN AFTER METAL ETCH
valid_0237,SPIN COAT PHOTORESIST,MEASURE METAL THICKNESS,STRIP RESIST,METAL PATTERN INSPECTION,STRIP PHOTORESIST
valid_0238,CURE PASSIVATION,DEPOSIT PASSIVATION,METAL ETCH DRY,MEASURE OXIDE QUALITY,FINAL CLEAN
valid_0239,MEASURE SURFACE PLANARITY,MEASURE PLANARITY,EPITAXIAL WAFER CHECK,CMP INTERLAYER DIELECTRIC,OPEN BOND PAD WINDOW
valid_0240,CURE PASSIVATION,DEPOSIT PASSIVATION,HARD BAKE,MEASURE METAL THICKNESS,DEPOSIT BACKSIDE METAL
valid_0241,MEASURE DIELECTRIC THICKNESS,MEASURE FILM THICKNESS,PARAMETRIC TEST,BREAKDOWN VOLTAGE TEST,LEAKAGE TEST
valid_0242,CURE PASSIVATION,HARD BAKE,SHIP LOT,MEASURE METAL THICKNESS,MEASURE EPITAXY THICKNESS
valid_0243,CMP DIELECTRIC,CMP INTERLAYER DIELECTRIC,MEASURE DIELECTRIC THICKNESS,SUBSTRATE CHECK,VIA OPENING INSPECTION
valid_0244,MEASURE LINE WIDTH,DEPOSIT PASSIVATION,DEPOSIT PASSIVATION LAYER,PRE ANNEAL CHECK,THRESHOLD VOLTAGE TEST
valid_0245,SPIN COAT PHOTORESIST,MEASURE METAL THICKNESS,MEASURE FILM THICKNESS,MEASURE EPITAXY THICKNESS,MEASURE PLANARITY
valid_0246,MEASURE PASSIVATION THICKNESS,MEASURE PASSIVATION QUALITY,PARAMETRIC TEST,ELECTRICAL PARAMETRIC TEST,LIGHT ANNEAL
valid_0247,SPIN COAT PHOTORESIST,MEASURE METAL THICKNESS,MEASURE FILM THICKNESS,MEASURE EPITAXY THICKNESS,MEASURE PLANARITY
valid_0248,CURE PASSIVATION,WAFER CLEAN PRE-GRIND,METAL ETCH DRY,MEASURE SURFACE UNIFORMITY,MEASURE FILM THICKNESS
valid_0249,SOFT BAKE,MEASURE THICKNESS,DENSIFY OXIDE,MEASURE SURFACE PLANARITY,ALIGN MASK LEVEL 5
valid_0250,CURE PASSIVATION,MEASURE EPITAXY THICKNESS,SHIP LOT,MEASURE FILM THICKNESS,DEPOSIT PASSIVATION LAYER
valid_0251,MEASURE SURFACE PLANARITY,MEASURE PLANARITY,CMP DIELECTRIC,PRE ANNEAL CHECK,DENSIFY OXIDE
valid_0252,MEASURE PASSIVATION QUALITY,MEASURE PASSIVATION THICKNESS,PARAMETRIC TEST,CURE PASSIVATION,ELECTRICAL PARAMETRIC TEST
valid_0253,SPIN COAT PHOTORESIST,MEASURE METAL THICKNESS,STRIP RESIST,MEASURE EPITAXY THICKNESS,MEASURE FILM THICKNESS
valid_0254,MEASURE PASSIVATION THICKNESS,MEASURE PASSIVATION QUALITY,ELECTRICAL PARAMETRIC TEST,PARAMETRIC TEST,LIGHT ANNEAL
valid_0255,MEASURE SURFACE PLANARITY,MEASURE PLANARITY,CMP DIELECTRIC,OPEN BOND PAD WINDOW,METAL PATTERN INSPECTION
valid_0256,MEASURE PASSIVATION QUALITY,MEASURE PASSIVATION THICKNESS,CURE PASSIVATION,IMPLANT WELL,ELECTRICAL PARAMETRIC TEST
valid_0257,SPIN COAT PHOTORESIST,MEASURE METAL THICKNESS,FILL VIA METAL,THERMAL OXIDATION,MEASURE FILM THICKNESS
valid_0258,CURE PASSIVATION,MEASURE SURFACE UNIFORMITY,WAFER SORT TEST,DEPOSIT PASSIVATION,METAL ETCH DRY
valid_0259,MEASURE PLANARITY,MEASURE SURFACE PLANARITY,CMP DIELECTRIC,PRE ANNEAL CHECK,EPITAXIAL WAFER CHECK
valid_0260,CURE PASSIVATION,METAL ETCH DRY,PATTERN INSPECTION LEVEL 2,DEPOSIT PASSIVATION LAYER,SPIN COAT PHOTORESIST
valid_0261,MEASURE SURFACE PLANARITY,MEASURE PLANARITY,CMP INTERLAYER DIELECTRIC,EPITAXIAL WAFER CHECK,DEPOSIT BACKSIDE METAL
valid_0262,CURE PASSIVATION,MEASURE SURFACE UNIFORMITY,DEPOSIT PASSIVATION,METAL ETCH DRY,SPIN COAT PHOTORESIST
valid_0263,CMP DIELECTRIC,CMP INTERLAYER DIELECTRIC,MEASURE DIELECTRIC THICKNESS,MEASURE RESISTIVITY,DEPOSIT PASSIVATION LAYER
valid_0264,CURE PASSIVATION,METAL ETCH DRY,MEASURE FILM THICKNESS,MEASURE SURFACE UNIFORMITY,DEPOSIT SPACER DIELECTRIC
valid_0265,MEASURE FILM THICKNESS,MEASURE DIELECTRIC THICKNESS,CMP INTERLAYER DIELECTRIC,CMP DIELECTRIC,DEPOSIT PASSIVATION
valid_0266,CURE PASSIVATION,PATTERN INSPECTION LEVEL 2,METAL ETCH DRY,IMPLANT CHANNEL STOP,DEPOSIT PASSIVATION LAYER
valid_0267,SOFT BAKE,ALIGN MASK LEVEL 5,SPIN COAT PHOTORESIST,MEASURE PAD OPENING,OPEN BOND PAD WINDOW
valid_0268,CURE PASSIVATION,PATTERN INSPECTION LEVEL 2,DEPOSIT PASSIVATION LAYER,METAL ETCH DRY,SPIN COAT PHOTORESIST
valid_0269,SPIN COAT PHOTORESIST,STRIP RESIST,MEASURE METAL THICKNESS,STRIP PHOTORESIST,METAL PATTERN INSPECTION
valid_0270,MEASURE PASSIVATION QUALITY,MEASURE PASSIVATION THICKNESS,THRESHOLD VOLTAGE TEST,CURE PASSIVATION,PARAMETRIC TEST
valid_0271,MEASURE SURFACE PLANARITY,MEASURE PLANARITY,CMP INTERLAYER DIELECTRIC,DIELECTRIC ETCH VIA,OPEN BOND PAD WINDOW
valid_0272,CURE PASSIVATION,DEPOSIT PASSIVATION,MEASURE SURFACE UNIFORMITY,METAL ETCH DRY,DEPOSIT POLYSILICON
valid_0273,MEASURE FILM THICKNESS,MEASURE DIELECTRIC THICKNESS,SPIN COAT PHOTORESIST,MEASURE OXIDE THICKNESS,DEVELOP PHOTORESIST
valid_0274,DEPOSIT PASSIVATION,DEPOSIT PASSIVATION LAYER,MEASURE LINE WIDTH,ANNEAL DIELECTRIC,BACKSIDE ETCH CLEAN
valid_0275,SPIN COAT PHOTORESIST,MEASURE METAL THICKNESS,BACKSIDE DRY,FILL VIA METAL,WET CLEAN RCA2
valid_0276,CURE PASSIVATION,METAL ETCH DRY,PATTERN INSPECTION LEVEL 2,DEPOSIT PASSIVATION LAYER,SHIP LOT
valid_0277,SPIN COAT PHOTORESIST,MEASURE METAL THICKNESS,MEASURE FILM THICKNESS,STRIP RESIST,MEASURE EPITAXY THICKNESS
valid_0278,MEASURE PASSIVATION THICKNESS,MEASURE PASSIVATION QUALITY,PARAMETRIC TEST,ELECTRICAL PARAMETRIC TEST,LIGHT ANNEAL
valid_0279,SPIN COAT PHOTORESIST,MEASURE METAL THICKNESS,EXPOSE LITHO LEVEL 2,METAL PATTERN INSPECTION,STRIP RESIST
valid_0280,CURE PASSIVATION,DEPOSIT PASSIVATION LAYER,SHIP LOT,METAL ETCH DRY,FRONTSIDE CLEAN
valid_0281,DENSIFY OXIDE,DENSIFY DIELECTRIC,STRIP RESIST,STRIP PHOTORESIST,ALIGN MASK LEVEL 5
valid_0282,CLEAN AFTER METAL ETCH,CLEAN AFTER VIA ETCH,CLEAN PAD OPENING,CLEAN AFTER ETCH,SUBSTRATE CHECK
valid_0283,MEASURE PLANARITY,MEASURE SURFACE PLANARITY,CMP INTERLAYER DIELECTRIC,DEPOSIT BACKSIDE METAL,PAD WINDOW LITHO
valid_0284,CURE PASSIVATION,DEPOSIT PASSIVATION,MEASURE SURFACE UNIFORMITY,METAL ETCH DRY,SPIN COAT PHOTORESIST
valid_0285,MEASURE DIELECTRIC THICKNESS,MEASURE FILM THICKNESS,SPIN COAT PHOTORESIST,CMP INTERLAYER DIELECTRIC,DEVELOP PHOTORESIST
valid_0286,DEPOSIT PASSIVATION,DEPOSIT PASSIVATION LAYER,MEASURE LINE WIDTH,ANNEAL DIELECTRIC,MEASURE GEOMETRY
valid_0287,EXPOSE LITHO LEVEL 5,ALIGN MASK LEVEL 5,PARAMETRIC TEST,CLEAN AFTER POLY ETCH,DEPOSIT METAL SEED
valid_0288,MEASURE PASSIVATION THICKNESS,MEASURE PASSIVATION QUALITY,CURE PASSIVATION,ALIGN MASK LEVEL 6,LIGHT ANNEAL
valid_0289,SPIN COAT PHOTORESIST,MEASURE FILM THICKNESS,MEASURE METAL THICKNESS,MEASURE EPITAXY THICKNESS,MEASURE PLANARITY
valid_0290,DEPOSIT PASSIVATION LAYER,DEPOSIT PASSIVATION,MEASURE LINE WIDTH,THERMAL OXIDATION,OPEN PAD WINDOW LITHO
valid_0291,SPIN COAT PHOTORESIST,MEASURE METAL THICKNESS,BACKSIDE DRY,FILL VIA METAL,WET CLEAN RCA2
valid_0292,CURE PASSIVATION,METAL ETCH DRY,SPIN COAT PHOTORESIST,DEPOSIT PASSIVATION LAYER,PATTERN INSPECTION LEVEL 2
valid_0293,SPIN COAT PHOTORESIST,BACKSIDE DRY,STRIP RESIST,MEASURE EPITAXY THICKNESS,STRIP PHOTORESIST
valid_0294,DEPOSIT PASSIVATION,DEPOSIT PASSIVATION LAYER,MEASURE LINE WIDTH,RCA CLEAN 2,CURE PASSIVATION
valid_0295,MEASURE PLANARITY,MEASURE SURFACE PLANARITY,CMP INTERLAYER DIELECTRIC,DIELECTRIC ETCH VIA,MEASURE CD LEVEL 2
valid_0296,CURE PASSIVATION,DEPOSIT PASSIVATION LAYER,SHIP LOT,DEPOSIT POLYSILICON,METAL ETCH DRY
valid_0297,MEASURE FILM THICKNESS,MEASURE DIELECTRIC THICKNESS,DENSIFY DIELECTRIC,SPIN COAT PHOTORESIST,MEASURE SURFACE PLANARITY
valid_0298,MEASURE LINE WIDTH,DEPOSIT PASSIVATION,DEPOSIT PASSIVATION LAYER,CMP METAL,CLEAN AFTER METAL ETCH
valid_0299,MEASURE SURFACE PLANARITY,MEASURE PLANARITY,CMP INTERLAYER DIELECTRIC,RCA CLEAN 1,MEASURE DIELECTRIC THICKNESS
valid_0300,CURE PASSIVATION,MEASURE SURFACE UNIFORMITY,METAL ETCH DRY,WAFER SORT TEST,DEPOSIT PASSIVATION
valid_0301,MEASURE PLANARITY,MEASURE SURFACE PLANARITY,OPEN BOND PAD WINDOW,DEPOSIT TUNGSTEN SEED,MEASURE CD LEVEL 2
valid_0302,CURE PASSIVATION,DEPOSIT PASSIVATION LAYER,METAL ETCH DRY,PATTERN INSPECTION LEVEL 2,SHIP LOT
valid_0303,MEASURE DIELECTRIC THICKNESS,MEASURE FILM THICKNESS,RAPID THERMAL ANNEAL,SPIN COAT PHOTORESIST,IMPLANT CHANNEL STOP
valid_0304,MEASURE LINE WIDTH,DEPOSIT PASSIVATION,DEPOSIT PASSIVATION LAYER,PRE ANNEAL CHECK,THRESHOLD VOLTAGE TEST
valid_0305,SPIN COAT PHOTORESIST,MEASURE METAL THICKNESS,MEASURE SURFACE PLANARITY,MEASURE FILM THICKNESS,DEVELOP PHOTORESIST
valid_0306,MEASURE PASSIVATION THICKNESS,MEASURE PASSIVATION QUALITY,CURE PASSIVATION,ELECTRICAL PARAMETRIC TEST,PARAMETRIC TEST
valid_0307,MEASURE PLANARITY,MEASURE SURFACE PLANARITY,DIELECTRIC ETCH VIA,CMP INTERLAYER DIELECTRIC,MEASURE CD LEVEL 2
valid_0308,CURE PASSIVATION,PATTERN INSPECTION LEVEL 2,METAL ETCH DRY,SHIP LOT,IMPLANT CHANNEL STOP
valid_0309,SPIN COAT PHOTORESIST,MEASURE EPITAXY THICKNESS,MEASURE FILM THICKNESS,MEASURE THICKNESS,MEASURE METAL THICKNESS
valid_0310,CURE PASSIVATION,MEASURE FILM THICKNESS,MEASURE EPITAXY THICKNESS,MEASURE DIELECTRIC THICKNESS,PATTERN INSPECTION LEVEL 2
valid_0311,MEASURE PLANARITY,MEASURE SURFACE PLANARITY,DIELECTRIC ETCH VIA,MEASURE CD LEVEL 2,OPEN BOND PAD WINDOW
valid_0312,CURE PASSIVATION,DEPOSIT PASSIVATION LAYER,SHIP LOT,DEPOSIT POLYSILICON,FRONTSIDE CLEAN
valid_0313,CMP INTERLAYER DIELECTRIC,CMP DIELECTRIC,DEPOSIT INTERLEVEL DIELECTRIC,VIA OPENING INSPECTION,MEASURE FILM THICKNESS
valid_0314,DEPOSIT PASSIVATION,DEPOSIT PASSIVATION LAYER,MEASURE LINE WIDTH,RCA CLEAN 2,DEPOSIT PAD OXIDE
valid_0315,SPIN COAT PHOTORESIST,MEASURE METAL THICKNESS,STRIP RESIST,METAL PATTERN INSPECTION,FILL VIA METAL
valid_0316,MEASURE LINE WIDTH,DEPOSIT PASSIVATION,DEPOSIT PASSIVATION LAYER,PRE ANNEAL CHECK,THRESHOLD VOLTAGE TEST
valid_0317,MEASURE FILM THICKNESS,MEASURE DIELECTRIC THICKNESS,CMP INTERLAYER DIELECTRIC,MEASURE OXIDE THICKNESS,DEPOSIT PASSIVATION
valid_0318,MEASURE PASSIVATION QUALITY,MEASURE PASSIVATION THICKNESS,PARAMETRIC TEST,CURE PASSIVATION,THRESHOLD VOLTAGE TEST
valid_0319,MEASURE SURFACE PLANARITY,MEASURE PLANARITY,DIELECTRIC ETCH VIA,DEPOSIT BACKSIDE METAL,EPITAXY ANNEAL
valid_0320,CURE PASSIVATION,DEPOSIT PASSIVATION,WAFER CLEAN PRE-GRIND,METAL ETCH DRY,SPIN COAT PHOTORESIST
valid_0321,SPIN COAT PHOTORESIST,STRIP RESIST,MEASURE FILM THICKNESS,MEASURE METAL THICKNESS,STRIP PHOTORESIST
valid_0322,CURE PASSIVATION,METAL ETCH DRY,MEASURE FILM THICKNESS,SHIP LOT,MEASURE DIELECTRIC THICKNESS
valid_0323,SOFT BAKE,MEASURE BACKSIDE CONTACT,DRY WAFER BACKSIDE,BACKSIDE DRY,METAL ETCH DRY
valid_0324,OPEN BOND PAD WINDOW,OPEN PAD WINDOW,MEASURE PASSIVATION QUALITY,MEASURE EPITAXY THICKNESS,PAD WINDOW LITHO
valid_0325,CMP INTERLAYER DIELECTRIC,CMP DIELECTRIC,SPIN COAT PHOTORESIST,MEASURE VIA RESISTANCE,MEASURE OXIDE THICKNESS
valid_0326,DEPOSIT PASSIVATION,DEPOSIT PASSIVATION LAYER,MEASURE LINE WIDTH,CMP INTERLAYER DIELECTRIC,CURE PASSIVATION
valid_0327,SPIN COAT PHOTORESIST,STRIP RESIST,STRIP PHOTORESIST,BACKSIDE DRY,MEASURE EPITAXY THICKNESS
valid_0328,CURE PASSIVATION,DEPOSIT PASSIVATION LAYER,METAL ETCH DRY,SHIP LOT,MEASURE EPITAXY THICKNESS
valid_0329,MEASURE SURFACE PLANARITY,MEASURE PLANARITY,INITIAL WAFER INSPECTION,RAPID THERMAL ANNEAL,MEASURE DEVICE PARAMETER
valid_0330,MEASURE PASSIVATION QUALITY,MEASURE PASSIVATION THICKNESS,PARAMETRIC TEST,ELECTRICAL PARAMETRIC TEST,CURE PASSIVATION
valid_0331,MEASURE PLANARITY,MEASURE SURFACE PLANARITY,PRE ANNEAL CHECK,BACKSIDE CLEAN,CMP DIELECTRIC
valid_0332,CURE PASSIVATION,MEASURE SURFACE UNIFORMITY,DEPOSIT PASSIVATION,METAL ETCH DRY,FIELD PATTERN INSPECTION
valid_0333,DENSIFY DIELECTRIC,DENSIFY OXIDE,METAL PATTERN INSPECTION,DEPOSIT INTERLAYER DIELECTRIC,STRIP RESIST
valid_0334,MEASURE LINE WIDTH,DEPOSIT PASSIVATION,DEPOSIT PASSIVATION LAYER,PRE ANNEAL CHECK,THRESHOLD VOLTAGE TEST
valid_0335,CMP INTERLAYER DIELECTRIC,CMP DIELECTRIC,VIA OPENING INSPECTION,DEPOSIT INTERLEVEL DIELECTRIC,MEASURE RESISTIVITY
valid_0336,MEASURE PASSIVATION QUALITY,MEASURE PASSIVATION THICKNESS,THRESHOLD VOLTAGE TEST,PARAMETRIC TEST,CURE PASSIVATION
valid_0337,CMP DIELECTRIC,CMP INTERLAYER DIELECTRIC,MEASURE DIELECTRIC THICKNESS,MEASURE RESISTIVITY,SUBSTRATE CHECK
valid_0338,DEPOSIT PASSIVATION,DEPOSIT PASSIVATION LAYER,MEASURE LINE WIDTH,CMP INTERLAYER DIELECTRIC,ANNEAL DIELECTRIC
valid_0339,SOFT BAKE,MEASURE GEOMETRY,MEASURE SURFACE PLANARITY,DEVELOP PHOTORESIST,MEASURE SURFACE PARTICLES
valid_0340,CURE PASSIVATION,DEPOSIT PASSIVATION,METAL ETCH DRY,MEASURE OXIDE QUALITY,DEPOSIT POLYSILICON
valid_0341,SPIN COAT PHOTORESIST,MEASURE METAL THICKNESS,MEASURE FILM THICKNESS,DEPOSIT TUNGSTEN SEED,MEASURE SURFACE PLANARITY
valid_0342,OPEN PAD WINDOW,OPEN BOND PAD WINDOW,DEPOSIT GATE OXIDE OR DIELECTRIC,SWITCHING TEST,WAFER SORT TEST
valid_0343,SPIN COAT PHOTORESIST,MEASURE METAL THICKNESS,STRIP RESIST,FILL VIA METAL,EXPOSE LITHO LEVEL 2
valid_0344,MEASURE PASSIVATION QUALITY,MEASURE PASSIVATION THICKNESS,PARAMETRIC TEST,THRESHOLD VOLTAGE TEST,CURE PASSIVATION
valid_0345,SPIN COAT PHOTORESIST,STRIP RESIST,MEASURE METAL THICKNESS,STRIP PHOTORESIST,METAL PATTERN INSPECTION
valid_0346,MEASURE PASSIVATION QUALITY,MEASURE PASSIVATION THICKNESS,ELECTRICAL PARAMETRIC TEST,CURE PASSIVATION,PARAMETRIC TEST
valid_0347,CMP INTERLAYER DIELECTRIC,CMP DIELECTRIC,SPIN COAT PHOTORESIST,MEASURE FILM THICKNESS,DEPOSIT INTERLEVEL DIELECTRIC
valid_0348,DEPOSIT PASSIVATION,DEPOSIT PASSIVATION LAYER,MEASURE LINE WIDTH,CURE PASSIVATION,BACKSIDE ETCH CLEAN
valid_0349,DEPOSIT INTERLEVEL DIELECTRIC,DEPOSIT INTERLAYER DIELECTRIC,MEASURE DEVICE PARAMETER,DEPOSIT METAL 1,BACKSIDE ETCH CLEAN
valid_0350,CLEAN AFTER METAL ETCH,CLEAN PAD OPENING,CLEAN AFTER VIA ETCH,CLEAN AFTER POLY ETCH,ALIGN MASK LEVEL 6
valid_0351,CMP DIELECTRIC,CMP INTERLAYER DIELECTRIC,MEASURE OXIDE THICKNESS,DEPOSIT INTERLEVEL DIELECTRIC,MEASURE FILM THICKNESS
valid_0352,DEPOSIT PASSIVATION,DEPOSIT PASSIVATION LAYER,MEASURE LINE WIDTH,BACKSIDE ETCH CLEAN,CURE PASSIVATION
valid_0353,ALIGN MASK LEVEL 5,ALIGN MASK LEVEL 4,ALIGN MASK LEVEL 6,DEPOSIT INTERLAYER DIELECTRIC,DEPOSIT INTERLEVEL DIELECTRIC
valid_0354,CURE PASSIVATION,METAL ETCH DRY,PATTERN INSPECTION LEVEL 2,FRONTSIDE CLEAN,SHIP LOT
valid_0355,SPIN COAT PHOTORESIST,MEASURE METAL THICKNESS,MEASURE FILM THICKNESS,MEASURE EPITAXY THICKNESS,STRIP RESIST
valid_0356,MEASURE LINE WIDTH,DEPOSIT PASSIVATION LAYER,DEPOSIT PASSIVATION,THRESHOLD VOLTAGE TEST,PRE ANNEAL CHECK
valid_0357,MEASURE SURFACE PLANARITY,MEASURE PLANARITY,CMP DIELECTRIC,EPITAXIAL WAFER CHECK,OPEN PAD WINDOW LITHO
valid_0358,CURE PASSIVATION,DEPOSIT PASSIVATION,DEPOSIT BACKSIDE METAL,MEASURE METAL THICKNESS,HARD BAKE
valid_0359,SPIN COAT PHOTORESIST,MEASURE METAL THICKNESS,STRIP RESIST,EXPOSE LITHO LEVEL 2,METAL PATTERN INSPECTION
valid_0360,CURE PASSIVATION,DEPOSIT PASSIVATION LAYER,SHIP LOT,METAL ETCH DRY,MEASURE EPITAXY THICKNESS
valid_0361,SPIN COAT PHOTORESIST,MEASURE METAL THICKNESS,STRIP RESIST,METAL PATTERN INSPECTION,EXPOSE LITHO LEVEL 2
valid_0362,CURE PASSIVATION,DEPOSIT PASSIVATION LAYER,METAL ETCH DRY,PATTERN INSPECTION LEVEL 2,MEASURE EPITAXY THICKNESS
valid_0363,MEASURE FILM THICKNESS,MEASURE DIELECTRIC THICKNESS,SPIN COAT PHOTORESIST,DEVELOP PHOTORESIST,MEASURE OXIDE THICKNESS
valid_0364,MEASURE LINE WIDTH,DEPOSIT PASSIVATION,DEPOSIT PASSIVATION LAYER,THRESHOLD VOLTAGE TEST,CLEAN AFTER METAL ETCH
valid_0365,ALIGN MASK LEVEL 5,ALIGN MASK LEVEL 6,ALIGN MASK LEVEL 4,ALIGN MASK LEVEL 3,ALIGN MASK LEVEL 2
valid_0366,DEPOSIT PASSIVATION LAYER,DEPOSIT PASSIVATION,MEASURE LINE WIDTH,RCA CLEAN 2,WET CLEAN RCA2
valid_0367,MEASURE PLANARITY,MEASURE SURFACE PLANARITY,CMP INTERLAYER DIELECTRIC,MEASURE CD LEVEL 1,MEASURE DEVICE PARAMETER
valid_0368,MEASURE PASSIVATION QUALITY,MEASURE PASSIVATION THICKNESS,THRESHOLD VOLTAGE TEST,CURE PASSIVATION,MEASURE OXIDE QUALITY
valid_0369,SPIN COAT PHOTORESIST,MEASURE METAL THICKNESS,MEASURE FILM THICKNESS,FILL VIA METAL,MEASURE SURFACE PLANARITY
valid_0370,CURE PASSIVATION,DEPOSIT PASSIVATION,HARD BAKE,DEPOSIT BACKSIDE METAL,MEASURE METAL THICKNESS
valid_0371,CMP INTERLAYER DIELECTRIC,CMP DIELECTRIC,DEPOSIT INTERLEVEL DIELECTRIC,VIA OPENING INSPECTION,MEASURE FILM THICKNESS
valid_0372,DEPOSIT PASSIVATION,DEPOSIT PASSIVATION LAYER,MEASURE LINE WIDTH,BACKSIDE ETCH CLEAN,CURE PASSIVATION
valid_0373,SPIN COAT PHOTORESIST,MEASURE FILM THICKNESS,STRIP RESIST,STRIP PHOTORESIST,MEASURE PLANARITY
valid_0374,CURE PASSIVATION,METAL ETCH DRY,PACKAGE PREPARATION,EXPOSE LITHO LEVEL 6,DEPOSIT PASSIVATION
valid_0375,MEASURE DEVICE PARAMETER,DEPOSIT INTERLEVEL DIELECTRIC,DEPOSIT INTERLAYER DIELECTRIC,MEASURE JUNCTION PROFILE,EPITAXIAL REWORK CHECK
valid_0376,CLEAN AFTER METAL ETCH,CLEAN AFTER VIA ETCH,CLEAN PAD OPENING,METAL ETCH DRY,SHIP LOT
valid_0377,CMP INTERLAYER DIELECTRIC,CMP DIELECTRIC,MEASURE DIELECTRIC THICKNESS,DEPOSIT PASSIVATION LAYER,VIA OPENING INSPECTION
valid_0378,CURE PASSIVATION,DEPOSIT PASSIVATION,DEPOSIT POLYSILICON,METAL ETCH DRY,FRONTSIDE CLEAN
valid_0379,SPIN COAT PHOTORESIST,MEASURE METAL THICKNESS,DEPOSIT TUNGSTEN SEED,FILL VIA METAL,METAL PATTERN INSPECTION
valid_0380,MEASURE PASSIVATION QUALITY,MEASURE PASSIVATION THICKNESS,CURE PASSIVATION,IMPLANT WELL,ELECTRICAL PARAMETRIC TEST
valid_0381,MEASURE DIELECTRIC THICKNESS,MEASURE FILM THICKNESS,IMPLANT CHANNEL STOP,DENSIFY DIELECTRIC,LEAKAGE TEST
valid_0382,MEASURE LINE WIDTH,DEPOSIT PASSIVATION,DEPOSIT PASSIVATION LAYER,PRE ANNEAL CHECK,EPITAXY PREP
valid_0383,SOFT BAKE,ALIGN MASK LEVEL 5,DEVELOP PHOTORESIST,MEASURE SURFACE PARTICLES,STRIP PHOTORESIST
valid_0384,MEASURE PASSIVATION THICKNESS,MEASURE PASSIVATION QUALITY,LIGHT ANNEAL,PARAMETRIC TEST,ELECTRICAL PARAMETRIC TEST
valid_0385,MEASURE PLANARITY,MEASURE SURFACE PLANARITY,OPEN BOND PAD WINDOW,PRE ANNEAL CHECK,CMP DIELECTRIC
valid_0386,CURE PASSIVATION,DEPOSIT POLYSILICON,DEPOSIT PASSIVATION,FRONTSIDE CLEAN,MEASURE OXIDE QUALITY
valid_0387,ALIGN MASK LEVEL 5,ALIGN MASK LEVEL 4,ALIGN MASK LEVEL 6,MEASURE DEVICE PARAMETER,ALIGN MASK LEVEL 3
valid_0388,CURE PASSIVATION,METAL ETCH DRY,DEPOSIT PASSIVATION,MEASURE OXIDE QUALITY,PACKAGE PREPARATION
valid_0389,MEASURE PLANARITY,MEASURE SURFACE PLANARITY,OPEN BOND PAD WINDOW,PRE ANNEAL CHECK,CMP DIELECTRIC
valid_0390,CURE PASSIVATION,DEPOSIT PASSIVATION,FRONTSIDE CLEAN,MEASURE OXIDE QUALITY,DEPOSIT POLYSILICON
valid_0391,SPIN COAT PHOTORESIST,MEASURE METAL THICKNESS,DEPOSIT TUNGSTEN SEED,FILL VIA METAL,METAL PATTERN INSPECTION
valid_0392,DEPOSIT PASSIVATION LAYER,DEPOSIT PASSIVATION,MEASURE LINE WIDTH,RCA CLEAN 2,DEPOSIT PAD OXIDE
valid_0393,MEASURE SURFACE PLANARITY,MEASURE PLANARITY,PRE ANNEAL CHECK,CMP DIELECTRIC,EPITAXIAL WAFER CHECK
valid_0394,CURE PASSIVATION,METAL ETCH DRY,DEPOSIT POLYSILICON,DEPOSIT PASSIVATION,PACKAGE PREPARATION
valid_0395,SPIN COAT PHOTORESIST,MEASURE METAL THICKNESS,DEPOSIT TUNGSTEN SEED,MEASURE FILM THICKNESS,MEASURE SURFACE PLANARITY
valid_0396,MEASURE PASSIVATION THICKNESS,MEASURE PASSIVATION QUALITY,CURE PASSIVATION,LIGHT ANNEAL,ALIGN MASK LEVEL 6
valid_0397,CMP DIELECTRIC,CMP INTERLAYER DIELECTRIC,SPIN COAT PHOTORESIST,DEPOSIT INTERLEVEL DIELECTRIC,SUBSTRATE CHECK
valid_0398,CURE PASSIVATION,METAL ETCH DRY,DEPOSIT PASSIVATION LAYER,PATTERN INSPECTION LEVEL 2,SPIN COAT PHOTORESIST
valid_0399,MEASURE SURFACE PLANARITY,MEASURE PLANARITY,CMP INTERLAYER DIELECTRIC,RCA CLEAN 1,EPITAXIAL WAFER CHECK
valid_0400,DEPOSIT PASSIVATION,DEPOSIT PASSIVATION LAYER,MEASURE LINE WIDTH,ANNEAL DIELECTRIC,CMP INTERLAYER DIELECTRIC
valid_0401,DEPOSIT TUNGSTEN SEED,DEPOSIT METAL SEED,MEASURE SURFACE DEFECTS,IMPLANT P BODY,CMP INTERLAYER DIELECTRIC
valid_0402,PASSIVATION ETCH,PASSIVATION ETCH PAD OPENING,METAL PATTERN INSPECTION,METAL ETCH,CLEAN PAD OPENING
valid_0403,MEASURE VIA CD,DEPOSIT BARRIER METAL,CLEAN AFTER VIA ETCH,SOFT BAKE,FINAL OXIDE CHECK
valid_0404,PASSIVATION ETCH,PASSIVATION ETCH PAD OPENING,METAL PATTERN INSPECTION,PATTERN INSPECTION LEVEL 2,INSPECT PATTERN LEVEL 1
valid_0405,MEASURE VIA CD,DEPOSIT BARRIER METAL,OPEN PAD WINDOW LITHO,INSPECT PATTERN LEVEL 1,CLEAN AFTER VIA ETCH
valid_0406,MEASURE PASSIVATION QUALITY,MEASURE PASSIVATION THICKNESS,PATTERN INSPECTION LEVEL 2,LIGHT ANNEAL,CURE PASSIVATION
valid_0407,STRIP RESIST,STRIP PHOTORESIST,STRIP RESIST LEVEL 2,SPIN COAT PHOTORESIST,EXPOSE LITHO LEVEL 3
valid_0408,MEASURE PASSIVATION THICKNESS,MEASURE PASSIVATION QUALITY,LIGHT ANNEAL,CURE PASSIVATION,SOFT BAKE
valid_0409,STRIP PHOTORESIST,STRIP RESIST,PRE ANNEAL CHECK,MEASURE METAL THICKNESS,FILL VIA TUNGSTEN
valid_0410,OPEN PAD WINDOW,OPEN BOND PAD WINDOW,MEASURE OXIDE THICKNESS,PACKAGE PREPARATION,LEAKAGE TEST
valid_0411,CLEAN AFTER VIA ETCH,CLEAN AFTER POLY ETCH,CLEAN AFTER ETCH,CLEAN AFTER METAL ETCH,STRIP PHOTORESIST
valid_0412,OPEN BOND PAD WINDOW,OPEN PAD WINDOW,MEASURE OXIDE THICKNESS,PACKAGE PREPARATION,DEPOSIT PASSIVATION LAYER
valid_0413,STRIP PHOTORESIST,STRIP RESIST,STRIP RESIST LEVEL 2,EXPOSE LITHO LEVEL 3,DEPOSIT TUNGSTEN SEED
valid_0414,MEASURE PASSIVATION QUALITY,MEASURE PASSIVATION THICKNESS,ANNEAL POLYSILICON,INSPECT PATTERN LEVEL 1,MEASURE VIA RESISTANCE
valid_0415,CLEAN AFTER VIA ETCH,CLEAN AFTER METAL ETCH,VIA ETCH THROUGH DIELECTRIC,CLEAN AFTER ETCH,STRIP RESIST
valid_0416,DEVELOP PHOTORESIST,DEVELOP PAD WINDOW,POST EXPOSE BAKE,OPEN PAD WINDOW LITHO,PARAMETRIC TEST
valid_0417,CLEAN AFTER VIA ETCH,CLEAN AFTER POLY ETCH,CLEAN AFTER METAL ETCH,CLEAN AFTER ETCH,VIA ETCH THROUGH DIELECTRIC
valid_0418,PASSIVATION ETCH,PASSIVATION ETCH PAD OPENING,METAL PATTERN INSPECTION,CLEAN PAD OPENING,INSPECT PATTERN LEVEL 1
valid_0419,STRIP PHOTORESIST,STRIP RESIST,CLEAN AFTER VIA ETCH,OPEN PAD WINDOW LITHO,PAD WINDOW LITHO
valid_0420,CURE PASSIVATION,DEPOSIT BACKSIDE METAL,DEPOSIT POLYSILICON,DEPOSIT PASSIVATION,PACKAGE PREPARATION
valid_0421,DEPOSIT TUNGSTEN SEED,MEASURE OXIDE THICKNESS,FRONTSIDE CLEAN,DEPOSIT METAL SEED,MEASURE SURFACE DEFECTS
valid_0422,PASSIVATION ETCH,PASSIVATION ETCH PAD OPENING,METAL PATTERN INSPECTION,CLEAN PAD OPENING,METAL ETCH
valid_0423,MEASURE VIA CD,DEPOSIT BARRIER METAL,CLEAN AFTER VIA ETCH,EXPOSE LITHO LEVEL 3,SOFT BAKE
valid_0424,OPEN PAD WINDOW,OPEN BOND PAD WINDOW,OXIDE STRIP,PAD WINDOW LITHO,MEASURE PASSIVATION QUALITY
valid_0425,CLEAN AFTER VIA ETCH,CLEAN AFTER METAL ETCH,CLEAN AFTER POLY ETCH,CLEAN AFTER ETCH,STRIP RESIST
valid_0426,OPEN PAD WINDOW LITHO,PAD WINDOW LITHO,OPEN BOND PAD WINDOW,PACKAGE PREPARATION,MEASURE PAD OPENING
valid_0427,CLEAN AFTER VIA ETCH,CLEAN AFTER ETCH,VIA ETCH THROUGH DIELECTRIC,CLEAN AFTER FIELD ETCH,CLEAN AFTER POLY ETCH
valid_0428,OPEN PAD WINDOW,OPEN BOND PAD WINDOW,MEASURE OXIDE THICKNESS,PAD WINDOW LITHO,OPEN PAD WINDOW LITHO
valid_0429,STRIP RESIST,STRIP PHOTORESIST,SOFT BAKE,BACKSIDE CLEAN,MEASURE OXIDE THICKNESS
valid_0430,OPEN PAD WINDOW LITHO,PAD WINDOW LITHO,OPEN BOND PAD WINDOW,RCA CLEAN 1,MEASURE PAD OPENING
valid_0431,MEASURE VIA CD,DEPOSIT BARRIER METAL,CLEAN AFTER VIA ETCH,FINAL OXIDE CHECK,SOFT BAKE
valid_0432,PAD WINDOW LITHO,OPEN PAD WINDOW LITHO,MEASURE PAD OPENING,OPEN BOND PAD WINDOW,PACKAGE PREPARATION
valid_0433,STRIP RESIST,STRIP PHOTORESIST,DENSIFY DIELECTRIC,DEVELOP PHOTORESIST,DENSIFY OXIDE
valid_0434,DEVELOP PHOTORESIST,DEVELOP PAD WINDOW,POST EXPOSE BAKE,EXPOSE LITHO LEVEL 4,CMP METAL
valid_0435,DEPOSIT BARRIER METAL,MEASURE VIA CD,IMPLANT N BUFFER,HARD BAKE,FINAL OXIDE CHECK
valid_0436,PAD WINDOW LITHO,OPEN PAD WINDOW LITHO,OPEN PAD WINDOW,MEASURE VIA RESISTANCE,MEASURE VIA CD
valid_0437,CLEAN AFTER VIA ETCH,VIA ETCH THROUGH DIELECTRIC,CLEAN AFTER POLY ETCH,DEPOSIT TUNGSTEN SEED,CLEAN AFTER ETCH
valid_0438,PAD WINDOW LITHO,OPEN PAD WINDOW LITHO,OPEN PAD WINDOW,MEASURE VIA CD,FILL VIA TUNGSTEN
valid_0439,CLEAN AFTER VIA ETCH,CLEAN AFTER METAL ETCH,VIA ETCH THROUGH DIELECTRIC,CLEAN AFTER ETCH,STRIP PHOTORESIST
valid_0440,PAD WINDOW LITHO,OPEN PAD WINDOW LITHO,OPEN PAD WINDOW,ALIGN MASK LEVEL 4,PATTERN INSPECTION LEVEL 2
valid_0441,STRIP PHOTORESIST,STRIP RESIST,OPEN PAD WINDOW LITHO,CLEAN AFTER VIA ETCH,PAD WINDOW LITHO
valid_0442,OPEN PAD WINDOW,OPEN BOND PAD WINDOW,MEASURE OXIDE THICKNESS,PACKAGE PREPARATION,ALIGN MASK LEVEL 5
valid_0443,DEPOSIT BARRIER METAL,MEASURE VIA CD,MEASURE CD LEVEL 2,WAFER SURFACE CLEAN,OPEN PAD WINDOW LITHO
valid_0444,OPEN PAD WINDOW,OPEN BOND PAD WINDOW,MEASURE OXIDE THICKNESS,PACKAGE PREPARATION,IMPLANT N-TYPE
valid_0445,CLEAN AFTER VIA ETCH,CLEAN AFTER METAL ETCH,CLEAN AFTER POLY ETCH,CLEAN AFTER ETCH,VIA ETCH THROUGH DIELECTRIC
valid_0446,OPEN PAD WINDOW,OPEN BOND PAD WINDOW,MEASURE PASSIVATION QUALITY,PAD WINDOW LITHO,OXIDE STRIP
valid_0447,CLEAN AFTER VIA ETCH,CLEAN AFTER METAL ETCH,STRIP PHOTORESIST,CLEAN AFTER POLY ETCH,CLEAN AFTER ETCH
valid_0448,DEVELOP PHOTORESIST,DEVELOP PAD WINDOW,POST EXPOSE BAKE,PAD WINDOW LITHO,MEASURE DIELECTRIC THICKNESS
valid_0449,CLEAN AFTER VIA ETCH,CLEAN AFTER METAL ETCH,CLEAN AFTER POLY ETCH,CLEAN AFTER ETCH,DEPOSIT GATE OXIDE OR DIELECTRIC
valid_0450,OPEN PAD WINDOW LITHO,PAD WINDOW LITHO,OPEN PAD WINDOW,DEVELOP PAD WINDOW,RCA CLEAN 1
valid_0451,MEASURE VIA CD,DEPOSIT BARRIER METAL,CLEAN AFTER VIA ETCH,DEPOSIT BACKSIDE METAL,EXPOSE LITHO LEVEL 3
valid_0452,DEVELOP PHOTORESIST,DEVELOP PAD WINDOW,POST EXPOSE BAKE,CLEAN AFTER METAL ETCH,BACKSIDE THINNING CHECK
valid_0453,MEASURE VIA CD,DEPOSIT BARRIER METAL,CLEAN AFTER VIA ETCH,FINAL OXIDE CHECK,OPEN PAD WINDOW LITHO
valid_0454,PAD WINDOW LITHO,OPEN PAD WINDOW LITHO,OPEN PAD WINDOW,MEASURE VIA RESISTANCE,FILL VIA TUNGSTEN
valid_0455,DEPOSIT BARRIER METAL,MEASURE VIA CD,IMPLANT N BUFFER,FINAL OXIDE CHECK,HARD BAKE
valid_0456,DEVELOP PHOTORESIST,DEVELOP PAD WINDOW,POST EXPOSE BAKE,PAD WINDOW LITHO,FIELD OXIDE ETCH
valid_0457,STRIP RESIST,STRIP PHOTORESIST,PASSIVATION ETCH PAD OPENING,PRE ANNEAL CHECK,SPIN COAT PHOTORESIST
valid_0458,MEASURE PASSIVATION QUALITY,MEASURE PASSIVATION THICKNESS,CURE PASSIVATION,MEASURE VIA RESISTANCE,CMP DIELECTRIC
valid_0459,HARD BAKE,VIA ETCH,DIELECTRIC ETCH VIA,VIA ETCH THROUGH DIELECTRIC,VIA OPENING INSPECTION
valid_0460,MEASURE PASSIVATION QUALITY,MEASURE PASSIVATION THICKNESS,INSPECT PATTERN LEVEL 1,ANNEAL POLYSILICON,MEASURE VIA RESISTANCE
valid_0461,MEASURE VIA CD,DEPOSIT BARRIER METAL,FINAL OXIDE CHECK,CLEAN AFTER VIA ETCH,OPEN PAD WINDOW LITHO
valid_0462,OPEN PAD WINDOW LITHO,PAD WINDOW LITHO,PACKAGE PREPARATION,OPEN BOND PAD WINDOW,MEASURE PAD OPENING
valid_0463,MEASURE VIA CD,DEPOSIT BARRIER METAL,CLEAN AFTER VIA ETCH,FINAL OXIDE CHECK,SOFT BAKE
valid_0464,OPEN PAD WINDOW LITHO,PAD WINDOW LITHO,MEASURE PAD OPENING,PACKAGE PREPARATION,OPEN BOND PAD WINDOW
valid_0465,HARD BAKE,VIA ETCH,DIELECTRIC ETCH VIA,VIA ETCH THROUGH DIELECTRIC,METAL ETCH DRY
valid_0466,CURE PASSIVATION,DEPOSIT PASSIVATION,OPEN PAD WINDOW,OPEN BOND PAD WINDOW,WAFER SORT TEST
valid_0467,CLEAN AFTER VIA ETCH,STRIP PHOTORESIST,CLEAN AFTER FIELD ETCH,CLEAN AFTER METAL ETCH,VIA ETCH THROUGH DIELECTRIC
valid_0468,OPEN PAD WINDOW,OPEN BOND PAD WINDOW,OXIDE STRIP,DEPOSIT GATE OXIDE OR DIELECTRIC,MEASURE PASSIVATION QUALITY
valid_0469,CLEAN AFTER VIA ETCH,CLEAN AFTER METAL ETCH,VIA ETCH THROUGH DIELECTRIC,DIELECTRIC ETCH VIA,CLEAN AFTER FIELD ETCH
valid_0470,OPEN BOND PAD WINDOW,OPEN PAD WINDOW,MEASURE PASSIVATION QUALITY,OPEN PAD WINDOW LITHO,MEASURE PLANARITY
valid_0471,DEPOSIT BARRIER METAL,MEASURE VIA CD,IMPLANT N-TYPE,IMPLANT N BUFFER,OPEN PAD WINDOW LITHO
valid_0472,PASSIVATION ETCH,PASSIVATION ETCH PAD OPENING,DEVELOP PAD WINDOW,FRONTSIDE CLEAN FINAL,DEPOSIT FIELD OXIDE
valid_0473,STRIP RESIST,STRIP PHOTORESIST,PRE ANNEAL CHECK,SPIN COAT PHOTORESIST,PASSIVATION ETCH PAD OPENING
valid_0474,MEASURE PASSIVATION QUALITY,MEASURE PASSIVATION THICKNESS,MEASURE VIA RESISTANCE,CURE PASSIVATION,PATTERN INSPECTION LEVEL 2
valid_0475,DIELECTRIC ETCH VIA,VIA ETCH,VIA ETCH THROUGH DIELECTRIC,METAL ETCH DRY,HARD BAKE
valid_0476,MEASURE PASSIVATION THICKNESS,MEASURE PASSIVATION QUALITY,PATTERN INSPECTION LEVEL 2,CURE PASSIVATION,IMPLANT SOURCE REGION
valid_0477,CLEAN AFTER VIA ETCH,VIA ETCH THROUGH DIELECTRIC,CLEAN AFTER ETCH,CLEAN AFTER METAL ETCH,STRIP PHOTORESIST
valid_0478,OPEN BOND PAD WINDOW,OPEN PAD WINDOW,MEASURE PASSIVATION QUALITY,MEASURE EPITAXY THICKNESS,DEPOSIT GATE OXIDE OR DIELECTRIC
valid_0479,CLEAN AFTER VIA ETCH,CLEAN AFTER ETCH,CLEAN AFTER METAL ETCH,VIA ETCH THROUGH DIELECTRIC,CLEAN AFTER POLY ETCH
valid_0480,PAD WINDOW LITHO,OPEN PAD WINDOW LITHO,OPEN PAD WINDOW,FILL VIA TUNGSTEN,MEASURE VIA CD
valid_0481,MEASURE VIA CD,DEPOSIT BARRIER METAL,CLEAN AFTER VIA ETCH,OPEN PAD WINDOW LITHO,SOFT BAKE
valid_0482,OPEN PAD WINDOW,OPEN BOND PAD WINDOW,MEASURE OXIDE THICKNESS,DEPOSIT BACKSIDE METAL,IMPLANT N-TYPE
valid_0483,DEPOSIT TUNGSTEN SEED,SPIN COAT PHOTORESIST,MEASURE OXIDE THICKNESS,DEPOSIT METAL SEED,MEASURE SURFACE DEFECTS
valid_0484,DEVELOP PHOTORESIST,DEVELOP PAD WINDOW,POST EXPOSE BAKE,PARAMETRIC TEST,OPEN PAD WINDOW LITHO
valid_0485,DEPOSIT BARRIER METAL,MEASURE VIA CD,HARD BAKE,IMPLANT N-TYPE,MEASURE OXIDE THICKNESS
valid_0486,DEVELOP PHOTORESIST,DEVELOP PAD WINDOW,POST EXPOSE BAKE,MEASURE SHEET RESISTANCE,OPEN PAD WINDOW LITHO
valid_0487,CLEAN AFTER VIA ETCH,CLEAN AFTER FIELD ETCH,CLEAN AFTER METAL ETCH,STRIP PHOTORESIST,VIA ETCH THROUGH DIELECTRIC
valid_0488,MEASURE PASSIVATION QUALITY,MEASURE PASSIVATION THICKNESS,INSPECT PATTERN LEVEL 1,MEASURE VIA RESISTANCE,ANNEAL POLYSILICON
valid_0489,CLEAN AFTER VIA ETCH,VIA ETCH THROUGH DIELECTRIC,CLEAN AFTER ETCH,STRIP PHOTORESIST,CLEAN AFTER METAL ETCH
valid_0490,OPEN PAD WINDOW,OPEN BOND PAD WINDOW,MEASURE THICKNESS,MEASURE PASSIVATION QUALITY,MEASURE EPITAXY THICKNESS
valid_0491,STRIP PHOTORESIST,STRIP RESIST,DEPOSIT POLYSILICON,EXPOSE LITHO LEVEL 4,MEASURE METAL THICKNESS
valid_0492,OPEN PAD WINDOW LITHO,PAD WINDOW LITHO,OPEN PAD WINDOW,MEASURE VIA RESISTANCE,DEVELOP PAD WINDOW
valid_0493,MEASURE VIA CD,DEPOSIT BARRIER METAL,CLEAN AFTER VIA ETCH,FINAL OXIDE CHECK,OPEN PAD WINDOW LITHO
valid_0494,PAD WINDOW LITHO,OPEN PAD WINDOW LITHO,OPEN PAD WINDOW,MEASURE VIA RESISTANCE,MEASURE VIA CD
valid_0495,CLEAN AFTER VIA ETCH,CLEAN AFTER METAL ETCH,DEPOSIT GATE OXIDE OR DIELECTRIC,CLEAN AFTER POLY ETCH,CLEAN AFTER ETCH
valid_0496,MEASURE PASSIVATION QUALITY,MEASURE PASSIVATION THICKNESS,LIGHT ANNEAL,CURE PASSIVATION,ANNEAL POLYSILICON
valid_0497,MEASURE VIA CD,DEPOSIT BARRIER METAL,CLEAN AFTER VIA ETCH,SOFT BAKE,FINAL OXIDE CHECK
valid_0498,DEVELOP PHOTORESIST,DEVELOP PAD WINDOW,POST EXPOSE BAKE,PAD WINDOW LITHO,CLEAN AFTER METAL ETCH
valid_0499,CLEAN AFTER VIA ETCH,CLEAN AFTER POLY ETCH,CLEAN AFTER ETCH,VIA ETCH THROUGH DIELECTRIC,CLEAN AFTER METAL ETCH
valid_0500,OPEN PAD WINDOW LITHO,PAD WINDOW LITHO,OPEN BOND PAD WINDOW,MEASURE PAD OPENING,PACKAGE PREPARATION
valid_0501,CLEAN AFTER VIA ETCH,CLEAN AFTER POLY ETCH,CLEAN AFTER ETCH,VIA ETCH THROUGH DIELECTRIC,CLEAN AFTER FIELD ETCH
valid_0502,OPEN PAD WINDOW LITHO,PAD WINDOW LITHO,OPEN PAD WINDOW,DEVELOP PAD WINDOW,MEASURE SURFACE PLANARITY
valid_0503,DEPOSIT BARRIER METAL,MEASURE VIA CD,MEASURE CD LEVEL 2,IMPLANT N-TYPE,SWITCHING TEST
valid_0504,PASSIVATION ETCH,PASSIVATION ETCH PAD OPENING,CLEAN PAD OPENING,METAL PATTERN INSPECTION,PATTERN INSPECTION LEVEL 2
valid_0505,STRIP RESIST,STRIP PHOTORESIST,SPIN COAT PHOTORESIST,PASSIVATION ETCH PAD OPENING,CLEAN AFTER VIA ETCH
valid_0506,CURE PASSIVATION,DEPOSIT PASSIVATION LAYER,METAL ETCH DRY,DEPOSIT POLYSILICON,CMP METAL
valid_0507,STRIP RESIST,STRIP PHOTORESIST,SOFT BAKE,DEPOSIT POLYSILICON,BACKSIDE CLEAN
valid_0508,DEVELOP PHOTORESIST,DEVELOP PAD WINDOW,POST EXPOSE BAKE,OPEN PAD WINDOW LITHO,CLEAN AFTER METAL ETCH
valid_0509,CLEAN AFTER VIA ETCH,CLEAN AFTER METAL ETCH,CLEAN AFTER POLY ETCH,CLEAN AFTER ETCH,CLEAN AFTER FIELD ETCH
valid_0510,MEASURE PASSIVATION QUALITY,MEASURE PASSIVATION THICKNESS,CURE PASSIVATION,MEASURE VIA RESISTANCE,ELECTRICAL PARAMETRIC TEST
valid_0511,HARD BAKE,VIA ETCH,DIELECTRIC ETCH VIA,VIA ETCH THROUGH DIELECTRIC,MEASURE METAL THICKNESS
valid_0512,OPEN BOND PAD WINDOW,OPEN PAD WINDOW,FRONTSIDE CLEAN,DEPOSIT SPACER DIELECTRIC,MEASURE OXIDE THICKNESS
valid_0513,MEASURE VIA CD,DEPOSIT BARRIER METAL,CLEAN AFTER VIA ETCH,SOFT BAKE,FINAL OXIDE CHECK
valid_0514,PAD WINDOW LITHO,OPEN PAD WINDOW LITHO,OPEN PAD WINDOW,ALIGN MASK LEVEL 4,RCA CLEAN 1
valid_0515,MEASURE VIA CD,DEPOSIT BARRIER METAL,FINAL OXIDE CHECK,CLEAN AFTER VIA ETCH,SOFT BAKE
valid_0516,PAD WINDOW LITHO,OPEN PAD WINDOW LITHO,OPEN PAD WINDOW,MEASURE VIA RESISTANCE,FILL VIA TUNGSTEN
valid_0517,MEASURE VIA CD,DEPOSIT BARRIER METAL,FINAL OXIDE CHECK,CLEAN AFTER VIA ETCH,SOFT BAKE
valid_0518,DEVELOP PHOTORESIST,DEVELOP PAD WINDOW,POST EXPOSE BAKE,OPEN PAD WINDOW LITHO,PARAMETRIC TEST
valid_0519,MEASURE VIA CD,DEPOSIT BARRIER METAL,CLEAN AFTER VIA ETCH,FINAL OXIDE CHECK,OPEN PAD WINDOW LITHO
valid_0520,PAD WINDOW LITHO,OPEN PAD WINDOW LITHO,OPEN PAD WINDOW,MEASURE VIA RESISTANCE,MEASURE VIA CD
valid_0521,MEASURE VIA CD,DEPOSIT BARRIER METAL,CLEAN AFTER VIA ETCH,FINAL OXIDE CHECK,VIA OPENING INSPECTION
valid_0522,DEVELOP PHOTORESIST,DEVELOP PAD WINDOW,POST EXPOSE BAKE,PAD WINDOW LITHO,PACKAGE PREPARATION
valid_0523,STRIP RESIST,STRIP PHOTORESIST,PRE ANNEAL CHECK,RAPID THERMAL ANNEAL,MEASURE METAL THICKNESS
valid_0524,OPEN PAD WINDOW,OPEN BOND PAD WINDOW,MEASURE OXIDE THICKNESS,DEPOSIT POLYSILICON,PACKAGE PREPARATION
valid_0525,MEASURE VIA CD,DEPOSIT BARRIER METAL,CLEAN AFTER VIA ETCH,FINAL OXIDE CHECK,VIA OPENING INSPECTION
valid_0526,DEVELOP PHOTORESIST,DEVELOP PAD WINDOW,POST EXPOSE BAKE,OPEN PAD WINDOW LITHO,CLEAN AFTER METAL ETCH
valid_0527,DEPOSIT BARRIER METAL,MEASURE VIA CD,IMPLANT N BUFFER,HARD BAKE,FINAL OXIDE CHECK
valid_0528,PAD WINDOW LITHO,OPEN PAD WINDOW LITHO,PACKAGE PREPARATION,MEASURE PAD OPENING,OPEN BOND PAD WINDOW
valid_0529,CLEAN AFTER VIA ETCH,CLEAN AFTER POLY ETCH,CLEAN AFTER METAL ETCH,CLEAN AFTER FIELD ETCH,CLEAN AFTER ETCH
valid_0530,CURE PASSIVATION,DEPOSIT PASSIVATION,MEASURE SURFACE UNIFORMITY,DEPOSIT POLYSILICON,METAL ETCH DRY
valid_0531,DEPOSIT BARRIER METAL,MEASURE VIA CD,OPEN PAD WINDOW LITHO,HF DIP,WAFER SURFACE CLEAN
valid_0532,PASSIVATION ETCH,PASSIVATION ETCH PAD OPENING,CLEAN PAD OPENING,PATTERN INSPECTION LEVEL 2,METAL PATTERN INSPECTION
valid_0533,DEPOSIT TUNGSTEN SEED,DEPOSIT METAL SEED,SPIN COAT PHOTORESIST,FINAL PARTICLE INSPECTION,MEASURE SURFACE DEFECTS
valid_0534,PASSIVATION ETCH,PASSIVATION ETCH PAD OPENING,CLEAN PAD OPENING,INSPECT PATTERN LEVEL 1,METAL PATTERN INSPECTION
valid_0535,DEPOSIT BARRIER METAL,MEASURE VIA CD,IMPLANT N BUFFER,MEASURE CD LEVEL 2,HARD BAKE
valid_0536,PASSIVATION ETCH,PASSIVATION ETCH PAD OPENING,DEVELOP PAD WINDOW,FRONTSIDE CLEAN FINAL,DEPOSIT BACKSIDE PROTECTION
valid_0537,MEASURE VIA CD,DEPOSIT BARRIER METAL,CLEAN AFTER VIA ETCH,EXPOSE LITHO LEVEL 5,DEPOSIT TUNGSTEN SEED
valid_0538,DEVELOP PHOTORESIST,DEVELOP PAD WINDOW,POST EXPOSE BAKE,PAD WINDOW LITHO,FIELD OXIDE ETCH
valid_0539,STRIP PHOTORESIST,STRIP RESIST,EXPOSE LITHO LEVEL 3,OPEN PAD WINDOW LITHO,STRIP RESIST LEVEL 2
valid_0540,OPEN PAD WINDOW,OPEN BOND PAD WINDOW,MEASURE THICKNESS,MEASURE OXIDE QUALITY,MEASURE PASSIVATION QUALITY
valid_0541,STRIP PHOTORESIST,STRIP RESIST,DEPOSIT POLYSILICON,SOFT BAKE,MEASURE OXIDE THICKNESS
valid_0542,OPEN PAD WINDOW,OPEN BOND PAD WINDOW,OXIDE STRIP,PAD WINDOW LITHO,MEASURE PASSIVATION QUALITY
valid_0543,MEASURE VIA CD,DEPOSIT BARRIER METAL,CLEAN AFTER VIA ETCH,SOFT BAKE,FINAL OXIDE CHECK
valid_0544,OPEN PAD WINDOW,OPEN BOND PAD WINDOW,MEASURE PASSIVATION QUALITY,PAD WINDOW LITHO,MEASURE THICKNESS
valid_0545,DEPOSIT BARRIER METAL,MEASURE VIA CD,OPEN PAD WINDOW LITHO,MEASURE CD LEVEL 2,IMPLANT N-TYPE
valid_0546,DEVELOP PHOTORESIST,DEVELOP PAD WINDOW,POST EXPOSE BAKE,PAD WINDOW LITHO,HARD BAKE
valid_0547,CLEAN AFTER VIA ETCH,CLEAN AFTER FIELD ETCH,DEPOSIT TUNGSTEN SEED,STRIP PHOTORESIST,CLEAN AFTER METAL ETCH
valid_0548,DEVELOP PHOTORESIST,DEVELOP PAD WINDOW,POST EXPOSE BAKE,PAD WINDOW LITHO,FIELD OXIDE ETCH
valid_0549,DEPOSIT TUNGSTEN SEED,DEPOSIT METAL SEED,MEASURE SURFACE DEFECTS,IMPLANT P BODY,MEASURE BACKSIDE CONTACT
valid_0550,PASSIVATION ETCH,PASSIVATION ETCH PAD OPENING,METAL PATTERN INSPECTION,METAL ETCH,CLEAN PAD OPENING
valid_0551,CLEAN AFTER VIA ETCH,VIA ETCH THROUGH DIELECTRIC,CLEAN AFTER ETCH,CLEAN AFTER POLY ETCH,CLEAN AFTER FIELD ETCH
valid_0552,OPEN PAD WINDOW LITHO,PAD WINDOW LITHO,OPEN PAD WINDOW,WAFER SORT TEST,DEVELOP PAD WINDOW
valid_0553,MEASURE VIA CD,DEPOSIT BARRIER METAL,CLEAN AFTER VIA ETCH,EXPOSE LITHO LEVEL 3,EXPOSE LITHO LEVEL 5
valid_0554,OPEN PAD WINDOW LITHO,PAD WINDOW LITHO,OPEN BOND PAD WINDOW,MEASURE SURFACE PLANARITY,MEASURE PAD OPENING
valid_0555,DIELECTRIC ETCH VIA,VIA ETCH,VIA ETCH THROUGH DIELECTRIC,METAL ETCH DRY,CLEAN AFTER VIA ETCH
valid_0556,OPEN BOND PAD WINDOW,OPEN PAD WINDOW,MEASURE PASSIVATION QUALITY,OPEN PAD WINDOW LITHO,FINAL OXIDE CHECK
valid_0557,MEASURE VIA CD,DEPOSIT BARRIER METAL,OPEN PAD WINDOW LITHO,CLEAN AFTER VIA ETCH,GRINDING WAFER BACKSIDE
valid_0558,DEVELOP PAD WINDOW,DEVELOP PHOTORESIST,POST EXPOSE BAKE,HARD BAKE,PAD WINDOW LITHO
valid_0559,MEASURE VIA CD,DEPOSIT BARRIER METAL,CLEAN AFTER VIA ETCH,FINAL OXIDE CHECK,SOFT BAKE
valid_0560,PAD WINDOW LITHO,OPEN PAD WINDOW LITHO,OPEN PAD WINDOW,MEASURE VIA RESISTANCE,MEASURE VIA CD
valid_0561,STRIP PHOTORESIST,STRIP RESIST,PRE ANNEAL CHECK,PASSIVATION ETCH PAD OPENING,CLEAN AFTER VIA ETCH
valid_0562,OPEN BOND PAD WINDOW,OPEN PAD WINDOW,MEASURE PASSIVATION THICKNESS,PRE ANNEAL CHECK,PATTERN INSPECTION LEVEL 1
valid_0563,CLEAN AFTER VIA ETCH,CLEAN AFTER ETCH,CLEAN AFTER POLY ETCH,VIA ETCH THROUGH DIELECTRIC,CLEAN AFTER METAL ETCH
valid_0564,OPEN BOND PAD WINDOW,OPEN PAD WINDOW,OXIDE STRIP,MEASURE PASSIVATION QUALITY,OPEN PAD WINDOW LITHO
valid_0565,STRIP RESIST,STRIP PHOTORESIST,STRIP RESIST LEVEL 2,DENSIFY DIELECTRIC,DEVELOP PHOTORESIST
valid_0566,OPEN BOND PAD WINDOW,OPEN PAD WINDOW,OXIDE STRIP,MEASURE PASSIVATION QUALITY,MEASURE EPITAXY THICKNESS
valid_0567,MEASURE VIA CD,DEPOSIT BARRIER METAL,INSPECT PATTERN LEVEL 1,OPEN PAD WINDOW LITHO,GRINDING WAFER BACKSIDE
valid_0568,OPEN PAD WINDOW LITHO,PAD WINDOW LITHO,OPEN BOND PAD WINDOW,STRIP RESIST,GRINDING WAFER BACKSIDE
valid_0569,STRIP RESIST,STRIP PHOTORESIST,PRE ANNEAL CHECK,RAPID THERMAL ANNEAL,MEASURE METAL THICKNESS
valid_0570,DEVELOP PHOTORESIST,DEVELOP PAD WINDOW,POST EXPOSE BAKE,EXPOSE LITHO LEVEL 4,CLEAN AFTER METAL ETCH
valid_0571,STRIP PHOTORESIST,STRIP RESIST,DEPOSIT POLYSILICON,MEASURE OXIDE THICKNESS,PRE ANNEAL CHECK
valid_0572,OPEN PAD WINDOW,OPEN BOND PAD WINDOW,OXIDE STRIP,DEPOSIT GATE OXIDE OR DIELECTRIC,MEASURE PASSIVATION QUALITY
valid_0573,CLEAN AFTER VIA ETCH,CLEAN AFTER METAL ETCH,CLEAN AFTER POLY ETCH,CLEAN AFTER ETCH,VIA ETCH THROUGH DIELECTRIC
valid_0574,OPEN PAD WINDOW,OPEN BOND PAD WINDOW,MEASURE OXIDE THICKNESS,ALIGN MASK LEVEL 5,CLEAN AFTER VIA ETCH
valid_0575,MEASURE VIA CD,DEPOSIT BARRIER METAL,OPEN PAD WINDOW LITHO,FINAL OXIDE CHECK,PAD WINDOW LITHO
valid_0576,DEVELOP PHOTORESIST,DEVELOP PAD WINDOW,POST EXPOSE BAKE,PAD WINDOW LITHO,FIELD OXIDE ETCH
valid_0577,CLEAN AFTER VIA ETCH,CLEAN AFTER METAL ETCH,DIELECTRIC ETCH VIA,CLEAN AFTER FIELD ETCH,VIA ETCH THROUGH DIELECTRIC
valid_0578,DEVELOP PHOTORESIST,DEVELOP PAD WINDOW,POST EXPOSE BAKE,FIELD OXIDE ETCH,PAD WINDOW LITHO
valid_0579,STRIP PHOTORESIST,STRIP RESIST,PASSIVATION ETCH PAD OPENING,MEASURE METAL THICKNESS,PRE ANNEAL CHECK
valid_0580,PAD WINDOW LITHO,OPEN PAD WINDOW LITHO,OPEN PAD WINDOW,ALIGN MASK LEVEL 4,DEVELOP PHOTORESIST
valid_0581,CLEAN AFTER VIA ETCH,CLEAN AFTER METAL ETCH,CLEAN AFTER POLY ETCH,CLEAN AFTER ETCH,DEPOSIT GATE OXIDE OR DIELECTRIC
valid_0582,OPEN PAD WINDOW LITHO,PAD WINDOW LITHO,OPEN BOND PAD WINDOW,CLEAN AFTER METAL ETCH,METAL PATTERN INSPECTION
valid_0583,VIA ETCH THROUGH DIELECTRIC,VIA ETCH,DIELECTRIC ETCH VIA,METAL ETCH DRY,CLEAN AFTER VIA ETCH
valid_0584,OPEN PAD WINDOW,OPEN BOND PAD WINDOW,MEASURE OXIDE THICKNESS,ANNEAL POLYSILICON,SHIP LOT
valid_0585,STRIP PHOTORESIST,STRIP RESIST,DEPOSIT POLYSILICON,MEASURE OXIDE THICKNESS,VIA ETCH THROUGH DIELECTRIC
valid_0586,PAD WINDOW LITHO,OPEN PAD WINDOW LITHO,OPEN PAD WINDOW,MEASURE VIA RESISTANCE,DEVELOP PAD WINDOW
valid_0587,STRIP RESIST,STRIP PHOTORESIST,CLEAN AFTER VIA ETCH,PRE ANNEAL CHECK,SPIN COAT PHOTORESIST
valid_0588,OPEN BOND PAD WINDOW,OPEN PAD WINDOW,PATTERN INSPECTION LEVEL 1,MEASURE PASSIVATION THICKNESS,METAL PATTERN INSPECTION
valid_0589,DEVELOP PHOTORESIST,POST EXPOSE BAKE,PACKAGE PREPARATION,DEVELOP PAD WINDOW,VIA INSPECTION
valid_0590,CURE PASSIVATION,DEPOSIT POLYSILICON,DEPOSIT PASSIVATION LAYER,PATTERN INSPECTION LEVEL 2,METAL ETCH DRY
valid_0591,STRIP RESIST,STRIP PHOTORESIST,PRE ANNEAL CHECK,RAPID THERMAL ANNEAL,DENSIFY DIELECTRIC
valid_0592,OPEN BOND PAD WINDOW,OPEN PAD WINDOW,METAL PATTERN INSPECTION,IMPLANT N-TYPE,PATTERN INSPECTION LEVEL 1
valid_0593,STRIP RESIST,STRIP PHOTORESIST,CLEAN AFTER VIA ETCH,VIA ETCH,DENSIFY DIELECTRIC
valid_0594,PAD WINDOW LITHO,OPEN PAD WINDOW LITHO,OPEN BOND PAD WINDOW,PACKAGE PREPARATION,MEASURE PAD OPENING
valid_0595,CLEAN AFTER VIA ETCH,STRIP PHOTORESIST,CLEAN AFTER METAL ETCH,VIA ETCH THROUGH DIELECTRIC,CLEAN AFTER ETCH
valid_0596,DEVELOP PAD WINDOW,DEVELOP PHOTORESIST,POST EXPOSE BAKE,PARAMETRIC TEST,OPEN PAD WINDOW LITHO
valid_0597,CLEAN AFTER VIA ETCH,CLEAN AFTER POLY ETCH,CLEAN AFTER METAL ETCH,WET CLEAN RCA1,VIA ETCH THROUGH DIELECTRIC
valid_0598,OPEN BOND PAD WINDOW,OPEN PAD WINDOW,PRE ANNEAL CHECK,MEASURE PASSIVATION THICKNESS,OXIDE STRIP
valid_0599,CLEAN AFTER VIA ETCH,CLEAN AFTER METAL ETCH,CLEAN AFTER FIELD ETCH,VIA ETCH THROUGH DIELECTRIC,CLEAN AFTER POLY ETCH
valid_0600,OPEN PAD WINDOW LITHO,PAD WINDOW LITHO,OPEN BOND PAD WINDOW,MEASURE SURFACE PLANARITY,STRIP RESIST
